Date,Close,Open,High,Low,Volume
2020-07-31 00:00:00+00:00,11323.466796875,11110.2109375,11415.8642578125,10987.0537109375,23160469766
2020-08-01 00:00:00+00:00,11759.5927734375,11322.5703125,11794.775390625,11239.6826171875,26075670303
2020-08-02 00:00:00+00:00,11053.6142578125,11758.7646484375,12034.14453125,11018.1298828125,27410067336
2020-08-03 00:00:00+00:00,11246.3486328125,11043.7685546875,11453.0791015625,11012.4150390625,20271713443
2020-08-04 00:00:00+00:00,11205.892578125,11246.203125,11385.3818359375,11094.1455078125,21250197042
2020-08-05 00:00:00+00:00,11747.0224609375,11203.8232421875,11786.6171875,11158.28515625,24411254471
2020-08-06 00:00:00+00:00,11779.7734375,11749.87109375,11902.3359375,11598.7138671875,23400740340
2020-08-07 00:00:00+00:00,11601.47265625,11778.89453125,11898.0380859375,11408.59375,23132312867
2020-08-08 00:00:00+00:00,11754.0458984375,11604.5537109375,11800.064453125,11558.431640625,17572057837
2020-08-09 00:00:00+00:00,11675.7392578125,11737.3251953125,11806.056640625,11548.7841796875,17489608833
2020-08-10 00:00:00+00:00,11878.111328125,11662.2568359375,12045.140625,11662.2568359375,26114112569
2020-08-11 00:00:00+00:00,11410.525390625,11881.6474609375,11932.7109375,11195.708984375,27039782640
2020-08-12 00:00:00+00:00,11584.9345703125,11404.5966796875,11748.396484375,11249.60546875,25064548486
2020-08-13 00:00:00+00:00,11784.1376953125,11588.4052734375,11796.396484375,11216.8720703125,27522199497
2020-08-14 00:00:00+00:00,11768.87109375,11772.6591796875,12150.994140625,11685.455078125,24237958589
2020-08-15 00:00:00+00:00,11865.6982421875,11768.697265625,11963.203125,11768.697265625,23354924400
2020-08-16 00:00:00+00:00,11892.8037109375,11866.685546875,11934.9013671875,11737.1884765625,20583375490
2020-08-17 00:00:00+00:00,12254.40234375,11895.658203125,12359.056640625,11806.6962890625,28227687027
2020-08-18 00:00:00+00:00,11991.2333984375,12251.8955078125,12335.70703125,11954.525390625,26043227672
2020-08-19 00:00:00+00:00,11758.283203125,11990.884765625,12028.923828125,11687.3330078125,24502851117
2020-08-20 00:00:00+00:00,11878.3720703125,11761.5,11900.4111328125,11710.0634765625,20175242945
2020-08-21 00:00:00+00:00,11592.4892578125,11878.0263671875,11899.259765625,11564.9794921875,23762425999
2020-08-22 00:00:00+00:00,11681.8251953125,11585.4775390625,11689.4072265625,11448.8056640625,20224191306
2020-08-23 00:00:00+00:00,11664.84765625,11679.6962890625,11713.4296875,11559.9208984375,18482062658
2020-08-24 00:00:00+00:00,11774.595703125,11663.689453125,11807.6318359375,11623.25,20681511755
2020-08-25 00:00:00+00:00,11366.134765625,11773.5888671875,11778.2998046875,11189.8505859375,26301509932
2020-08-26 00:00:00+00:00,11488.36328125,11366.89453125,11530.052734375,11296.9931640625,22466660958
2020-08-27 00:00:00+00:00,11323.3974609375,11485.6083984375,11570.7861328125,11185.94140625,23240415076
2020-08-28 00:00:00+00:00,11542.5,11325.2958984375,11545.615234375,11316.4228515625,19807127588
2020-08-29 00:00:00+00:00,11506.865234375,11541.0546875,11585.640625,11466.29296875,17485597759
2020-08-30 00:00:00+00:00,11711.505859375,11508.7138671875,11715.2646484375,11492.3818359375,19760127945
2020-08-31 00:00:00+00:00,11680.8203125,11713.306640625,11768.876953125,11598.318359375,22285928250
2020-09-01 00:00:00+00:00,11970.478515625,11679.31640625,12067.0810546875,11601.12890625,27311555343
2020-09-02 00:00:00+00:00,11414.0341796875,11964.8232421875,11964.8232421875,11290.7939453125,28037405299
2020-09-03 00:00:00+00:00,10245.296875,11407.19140625,11443.0224609375,10182.46484375,31927261555
2020-09-04 00:00:00+00:00,10511.8134765625,10230.365234375,10663.919921875,10207.9404296875,29965130374
2020-09-05 00:00:00+00:00,10169.5673828125,10512.5302734375,10581.5712890625,9946.67578125,44916565292
2020-09-06 00:00:00+00:00,10280.3515625,10167.216796875,10353.927734375,10056.8857421875,37071460174
2020-09-07 00:00:00+00:00,10369.5634765625,10280.998046875,10399.1533203125,9916.4931640625,33703098409
2020-09-08 00:00:00+00:00,10131.5166015625,10369.306640625,10414.775390625,9945.1103515625,33430927462
2020-09-09 00:00:00+00:00,10242.34765625,10134.1513671875,10350.54296875,10017.2509765625,24128292755
2020-09-10 00:00:00+00:00,10363.138671875,10242.330078125,10503.912109375,10238.1357421875,54406443211
2020-09-11 00:00:00+00:00,10400.9150390625,10369.0283203125,10434.9228515625,10140.8369140625,45201121775
2020-09-12 00:00:00+00:00,10442.1708984375,10409.861328125,10578.837890625,10292.38671875,36750077324
2020-09-13 00:00:00+00:00,10323.755859375,10452.3994140625,10577.21484375,10224.330078125,36506852789
2020-09-14 00:00:00+00:00,10680.837890625,10328.734375,10800.0107421875,10266.0087890625,35453581940
2020-09-15 00:00:00+00:00,10796.951171875,10677.7548828125,10938.6318359375,10656.4599609375,32509451925
2020-09-16 00:00:00+00:00,10974.9052734375,10797.76171875,11100.1240234375,10704.884765625,30769986455
2020-09-17 00:00:00+00:00,10948.990234375,10973.251953125,11037.4208984375,10774.6279296875,38151810523
2020-09-18 00:00:00+00:00,10944.5859375,10951.8203125,11034.908203125,10829.6572265625,26341903912
2020-09-19 00:00:00+00:00,11094.3466796875,10933.7529296875,11134.0927734375,10909.6181640625,22764204008
2020-09-20 00:00:00+00:00,10938.271484375,11095.8701171875,11095.8701171875,10814.4775390625,24699523788
2020-09-21 00:00:00+00:00,10462.259765625,10934.92578125,10988.3046875,10380.2607421875,28884999244
2020-09-22 00:00:00+00:00,10538.4599609375,10459.6240234375,10568.0771484375,10382.7265625,23621787804
2020-09-23 00:00:00+00:00,10246.1865234375,10535.4921875,10537.828125,10197.865234375,23788661867
2020-09-24 00:00:00+00:00,10760.06640625,10248.7861328125,10771.056640625,10231.490234375,47144380902
2020-09-25 00:00:00+00:00,10692.716796875,10761.109375,10777.6962890625,10578.9140625,39348590957
2020-09-26 00:00:00+00:00,10750.7236328125,10695.5751953125,10772.9990234375,10667.28125,46852525493
2020-09-27 00:00:00+00:00,10775.26953125,10746.892578125,10803.9765625,10622.921875,53745972818
2020-09-28 00:00:00+00:00,10709.65234375,10776.61328125,10945.34765625,10703.8935546875,47762394731
2020-09-29 00:00:00+00:00,10844.640625,10709.650390625,10860.0009765625,10649.4951171875,46582396602
2020-09-30 00:00:00+00:00,10784.4912109375,10843.87109375,10847.2568359375,10669.3212890625,44171073700
2020-10-01 00:00:00+00:00,10619.4521484375,10795.2548828125,10933.6240234375,10472.3564453125,40023134100
2020-10-02 00:00:00+00:00,10575.974609375,10619.8212890625,10657.837890625,10416.689453125,48661453918
2020-10-03 00:00:00+00:00,10549.3291015625,10575.1005859375,10598.9404296875,10511.1298828125,44660271563
2020-10-04 00:00:00+00:00,10669.5830078125,10550.4404296875,10686.0,10534.3916015625,71251776995
2020-10-05 00:00:00+00:00,10793.33984375,10676.529296875,10793.5078125,10634.6005859375,47537578009
2020-10-06 00:00:00+00:00,10604.40625,10796.306640625,10797.578125,10528.890625,42623695307
2020-10-07 00:00:00+00:00,10668.96875,10603.35546875,10680.5078125,10562.5068359375,37799458436
2020-10-08 00:00:00+00:00,10915.685546875,10669.37109375,10945.7373046875,10562.6064453125,63314794397
2020-10-09 00:00:00+00:00,11064.4580078125,10927.9130859375,11102.671875,10846.8505859375,22799117613
2020-10-10 00:00:00+00:00,11296.361328125,11059.142578125,11442.2109375,11056.9404296875,22877978588
2020-10-11 00:00:00+00:00,11384.181640625,11296.08203125,11428.8134765625,11288.6279296875,19968627060
2020-10-12 00:00:00+00:00,11555.36328125,11392.6357421875,11698.4677734375,11240.6865234375,26163972642
2020-10-13 00:00:00+00:00,11425.8994140625,11548.7197265625,11548.984375,11321.224609375,24241420251
2020-10-14 00:00:00+00:00,11429.5068359375,11429.0478515625,11539.9775390625,11307.8310546875,24103426719
2020-10-15 00:00:00+00:00,11495.349609375,11426.6025390625,11569.9140625,11303.603515625,24487233058
2020-10-16 00:00:00+00:00,11322.123046875,11502.828125,11540.0615234375,11223.0126953125,25635480772
2020-10-17 00:00:00+00:00,11358.1015625,11322.123046875,11386.26171875,11285.345703125,19130430174
2020-10-18 00:00:00+00:00,11483.359375,11355.982421875,11483.359375,11347.578125,18283314340
2020-10-19 00:00:00+00:00,11742.037109375,11495.0380859375,11799.0927734375,11408.2900390625,23860769928
2020-10-20 00:00:00+00:00,11916.3349609375,11745.974609375,11999.91796875,11681.48046875,30915821592
2020-10-21 00:00:00+00:00,12823.689453125,11913.0771484375,13184.56640625,11900.9287109375,43414712626
2020-10-22 00:00:00+00:00,12965.8916015625,12801.6357421875,13161.59375,12717.09375,34729759598
2020-10-23 00:00:00+00:00,12931.5390625,12971.548828125,13015.9619140625,12752.6474609375,28974975003
2020-10-24 00:00:00+00:00,13108.0625,12931.57421875,13145.06640625,12885.7470703125,24542317940
2020-10-25 00:00:00+00:00,13031.173828125,13108.0634765625,13329.18359375,12910.0615234375,24406920575
2020-10-26 00:00:00+00:00,13075.248046875,13031.201171875,13225.2978515625,12822.3828125,29461458313
2020-10-27 00:00:00+00:00,13654.21875,13075.2421875,13759.6689453125,13060.837890625,33749878156
2020-10-28 00:00:00+00:00,13271.28515625,13654.21484375,13837.6953125,12932.2509765625,35867318895
2020-10-29 00:00:00+00:00,13437.8828125,13271.298828125,13612.0478515625,12980.0595703125,56499499598
2020-10-30 00:00:00+00:00,13546.5224609375,13437.8740234375,13651.5166015625,13136.1982421875,30581485201
2020-10-31 00:00:00+00:00,13780.9951171875,13546.5322265625,14028.2138671875,13457.5302734375,30306464719
2020-11-01 00:00:00+00:00,13737.109375,13780.9951171875,13862.033203125,13628.3779296875,24453857900
2020-11-02 00:00:00+00:00,13550.4892578125,13737.0322265625,13808.3232421875,13243.16015625,30771455468
2020-11-03 00:00:00+00:00,13950.30078125,13550.451171875,13984.9814453125,13325.44140625,29869951617
2020-11-04 00:00:00+00:00,14133.70703125,13950.48828125,14218.7666015625,13580.4716796875,35116364962
2020-11-05 00:00:00+00:00,15579.8486328125,14133.7333984375,15706.404296875,14102.0888671875,40856321439
2020-11-06 00:00:00+00:00,15565.880859375,15579.7294921875,15903.4375,15226.83984375,39837841971
2020-11-07 00:00:00+00:00,14833.75390625,15565.880859375,15737.095703125,14423.203125,35024953706
2020-11-08 00:00:00+00:00,15479.5673828125,14833.75390625,15637.3203125,14744.1103515625,26632075029
2020-11-09 00:00:00+00:00,15332.3154296875,15479.595703125,15785.13671875,14865.529296875,34149115566
2020-11-10 00:00:00+00:00,15290.90234375,15332.3505859375,15450.3291015625,15124.9599609375,25574938143
2020-11-11 00:00:00+00:00,15701.33984375,15290.9091796875,15916.2607421875,15290.0068359375,29772374934
2020-11-12 00:00:00+00:00,16276.34375,15701.298828125,16305.00390625,15534.771484375,34175758344
2020-11-13 00:00:00+00:00,16317.80859375,16276.4404296875,16463.177734375,15992.15234375,31599492172
2020-11-14 00:00:00+00:00,16068.138671875,16317.80859375,16317.80859375,15749.193359375,27481710135
2020-11-15 00:00:00+00:00,15955.587890625,16068.1396484375,16123.1103515625,15793.5341796875,23653867583
2020-11-16 00:00:00+00:00,16716.111328125,15955.5771484375,16816.181640625,15880.7060546875,31526766675
2020-11-17 00:00:00+00:00,17645.40625,16685.69140625,17782.919921875,16564.544921875,39006849170
2020-11-18 00:00:00+00:00,17804.005859375,17645.19140625,18393.94921875,17352.90625,49064800278
2020-11-19 00:00:00+00:00,17817.08984375,17803.861328125,18119.546875,17382.5546875,36985055355
2020-11-20 00:00:00+00:00,18621.314453125,17817.083984375,18773.2265625,17765.794921875,36992873940
2020-11-21 00:00:00+00:00,18642.232421875,18621.31640625,18936.62109375,18444.359375,39650210707
2020-11-22 00:00:00+00:00,18370.001953125,18642.232421875,18688.96875,17671.384765625,41280434226
2020-11-23 00:00:00+00:00,18364.12109375,18370.017578125,18711.42578125,18000.796875,42741112308
2020-11-24 00:00:00+00:00,19107.46484375,18365.015625,19348.271484375,18128.65625,51469565009
2020-11-25 00:00:00+00:00,18732.12109375,19104.41015625,19390.96484375,18581.146484375,43710357371
2020-11-26 00:00:00+00:00,17150.623046875,18729.83984375,18866.28515625,16351.03515625,61396835737
2020-11-27 00:00:00+00:00,17108.40234375,17153.9140625,17445.0234375,16526.423828125,38886494645
2020-11-28 00:00:00+00:00,17717.4140625,17112.93359375,17853.939453125,16910.65234375,32601040734
2020-11-29 00:00:00+00:00,18177.484375,17719.634765625,18283.62890625,17559.1171875,31133957704
2020-11-30 00:00:00+00:00,19625.8359375,18178.322265625,19749.263671875,18178.322265625,47728480399
2020-12-01 00:00:00+00:00,18802.998046875,19633.76953125,19845.974609375,18321.921875,49633658712
2020-12-02 00:00:00+00:00,19201.091796875,18801.744140625,19308.330078125,18347.71875,37387697139
2020-12-03 00:00:00+00:00,19445.3984375,19205.92578125,19566.19140625,18925.78515625,31930317405
2020-12-04 00:00:00+00:00,18699.765625,19446.966796875,19511.404296875,18697.193359375,33872388058
2020-12-05 00:00:00+00:00,19154.23046875,18698.384765625,19160.44921875,18590.193359375,27242455064
2020-12-06 00:00:00+00:00,19345.12109375,19154.1796875,19390.5,18897.89453125,25293775714
2020-12-07 00:00:00+00:00,19191.630859375,19343.12890625,19411.828125,18931.142578125,26896357742
2020-12-08 00:00:00+00:00,18321.14453125,19191.529296875,19283.478515625,18269.9453125,31692288756
2020-12-09 00:00:00+00:00,18553.916015625,18320.884765625,18626.29296875,17935.546875,34420373071
2020-12-10 00:00:00+00:00,18264.9921875,18553.298828125,18553.298828125,17957.064453125,25547132265
2020-12-11 00:00:00+00:00,18058.904296875,18263.9296875,18268.453125,17619.533203125,27919640985
2020-12-12 00:00:00+00:00,18803.65625,18051.3203125,18919.55078125,18046.041015625,21752580802
2020-12-13 00:00:00+00:00,19142.3828125,18806.765625,19381.53515625,18734.33203125,25450468637
2020-12-14 00:00:00+00:00,19246.64453125,19144.4921875,19305.099609375,19012.708984375,22473997681
2020-12-15 00:00:00+00:00,19417.076171875,19246.919921875,19525.0078125,19079.841796875,26741982541
2020-12-16 00:00:00+00:00,21310.59765625,19418.818359375,21458.908203125,19298.31640625,44409011479
2020-12-17 00:00:00+00:00,22805.162109375,21308.3515625,23642.66015625,21234.67578125,71378606374
2020-12-18 00:00:00+00:00,23137.9609375,22806.796875,23238.6015625,22399.8125,40387896275
2020-12-19 00:00:00+00:00,23869.83203125,23132.865234375,24085.85546875,22826.47265625,38487546580
2020-12-20 00:00:00+00:00,23477.294921875,23861.765625,24209.66015625,23147.7109375,37844228422
2020-12-21 00:00:00+00:00,22803.08203125,23474.455078125,24059.982421875,22159.3671875,45852713981
2020-12-22 00:00:00+00:00,23783.029296875,22794.0390625,23789.90234375,22430.60546875,44171632681
2020-12-23 00:00:00+00:00,23241.345703125,23781.974609375,24024.490234375,22802.646484375,51146161904
2020-12-24 00:00:00+00:00,23735.94921875,23240.203125,23768.337890625,22777.59765625,41080759713
2020-12-25 00:00:00+00:00,24664.791015625,23733.5703125,24710.1015625,23463.673828125,42068395846
2020-12-26 00:00:00+00:00,26437.037109375,24677.015625,26718.0703125,24522.689453125,48332647295
2020-12-27 00:00:00+00:00,26272.294921875,26439.373046875,28288.83984375,25922.76953125,66479895605
2020-12-28 00:00:00+00:00,27084.80859375,26280.822265625,27389.111328125,26207.640625,49056742893
2020-12-29 00:00:00+00:00,27362.4375,27081.810546875,27370.720703125,25987.298828125,45265946774
2020-12-30 00:00:00+00:00,28840.953125,27360.08984375,28937.740234375,27360.08984375,51287442704
2020-12-31 00:00:00+00:00,29001.720703125,28841.57421875,29244.876953125,28201.9921875,46754964848
2021-01-01 00:00:00+00:00,29374.15234375,28994.009765625,29600.626953125,28803.5859375,40730301359
2021-01-02 00:00:00+00:00,32127.267578125,29376.455078125,33155.1171875,29091.181640625,67865420765
2021-01-03 00:00:00+00:00,32782.0234375,32129.408203125,34608.55859375,32052.31640625,78665235202
2021-01-04 00:00:00+00:00,31971.9140625,32810.94921875,33440.21875,28722.755859375,81163475344
2021-01-05 00:00:00+00:00,33992.4296875,31977.041015625,34437.58984375,30221.1875,67547324782
2021-01-06 00:00:00+00:00,36824.36328125,34013.61328125,36879.69921875,33514.03515625,75289433811
2021-01-07 00:00:00+00:00,39371.04296875,36833.875,40180.3671875,36491.19140625,84762141031
2021-01-08 00:00:00+00:00,40797.609375,39381.765625,41946.73828125,36838.63671875,88107519480
2021-01-09 00:00:00+00:00,40254.546875,40788.640625,41436.3515625,38980.875,61984162837
2021-01-10 00:00:00+00:00,38356.44140625,40254.21875,41420.19140625,35984.62890625,79980747690
2021-01-11 00:00:00+00:00,35566.65625,38346.53125,38346.53125,30549.599609375,123320567399
2021-01-12 00:00:00+00:00,33922.9609375,35516.359375,36568.52734375,32697.9765625,74773277909
2021-01-13 00:00:00+00:00,37316.359375,33915.12109375,37599.9609375,32584.66796875,69364315979
2021-01-14 00:00:00+00:00,39187.328125,37325.109375,39966.40625,36868.5625,63615990033
2021-01-15 00:00:00+00:00,36825.3671875,39156.70703125,39577.7109375,34659.58984375,67760757881
2021-01-16 00:00:00+00:00,36178.140625,36821.6484375,37864.3671875,35633.5546875,57706187875
2021-01-17 00:00:00+00:00,35791.27734375,36163.6484375,36722.3515625,34069.3203125,52359854336
2021-01-18 00:00:00+00:00,36630.07421875,35792.23828125,37299.28515625,34883.84375,49511702429
2021-01-19 00:00:00+00:00,36069.8046875,36642.234375,37755.890625,36069.8046875,57244195486
2021-01-20 00:00:00+00:00,35547.75,36050.11328125,36378.328125,33570.4765625,66834573161
2021-01-21 00:00:00+00:00,30825.69921875,35549.3984375,35552.6796875,30250.75,75643067688
2021-01-22 00:00:00+00:00,33005.76171875,30817.625,33811.8515625,28953.373046875,77207272511
2021-01-23 00:00:00+00:00,32067.642578125,32985.7578125,33360.9765625,31493.16015625,48354737975
2021-01-24 00:00:00+00:00,32289.37890625,32064.376953125,32944.0078125,31106.685546875,48643830599
2021-01-25 00:00:00+00:00,32366.392578125,32285.798828125,34802.7421875,32087.787109375,59897054838
2021-01-26 00:00:00+00:00,32569.849609375,32358.61328125,32794.55078125,31030.265625,60255421470
2021-01-27 00:00:00+00:00,30432.546875,32564.029296875,32564.029296875,29367.138671875,62576762015
2021-01-28 00:00:00+00:00,33466.09765625,30441.041015625,33858.3125,30023.20703125,76517157706
2021-01-29 00:00:00+00:00,34316.38671875,34318.671875,38406.26171875,32064.814453125,117894572511
2021-01-30 00:00:00+00:00,34269.5234375,34295.93359375,34834.70703125,32940.1875,65141828798
2021-01-31 00:00:00+00:00,33114.359375,34270.87890625,34288.33203125,32270.17578125,52754542671
2021-02-01 00:00:00+00:00,33537.17578125,33114.578125,34638.21484375,32384.228515625,61400400660
2021-02-02 00:00:00+00:00,35510.2890625,33533.19921875,35896.8828125,33489.21875,63088585433
2021-02-03 00:00:00+00:00,37472.08984375,35510.8203125,37480.1875,35443.984375,61166818159
2021-02-04 00:00:00+00:00,36926.06640625,37475.10546875,38592.17578125,36317.5,68838074392
2021-02-05 00:00:00+00:00,38144.30859375,36931.546875,38225.90625,36658.76171875,58598066402
2021-02-06 00:00:00+00:00,39266.01171875,38138.38671875,40846.546875,38138.38671875,71326033653
2021-02-07 00:00:00+00:00,38903.44140625,39250.19140625,39621.8359375,37446.15234375,65500641143
2021-02-08 00:00:00+00:00,46196.46484375,38886.828125,46203.9296875,38076.32421875,101467222687
2021-02-09 00:00:00+00:00,46481.10546875,46184.9921875,48003.72265625,45166.9609375,91809846886
2021-02-10 00:00:00+00:00,44918.18359375,46469.76171875,47145.56640625,43881.15234375,87301089896
2021-02-11 00:00:00+00:00,47909.33203125,44898.7109375,48463.46875,44187.76171875,81388911810
2021-02-12 00:00:00+00:00,47504.8515625,47877.03515625,48745.734375,46424.9765625,76555041196
2021-02-13 00:00:00+00:00,47105.515625,47491.203125,48047.74609375,46392.28125,70250456155
2021-02-14 00:00:00+00:00,48717.2890625,47114.5078125,49487.640625,47114.5078125,71248675228
2021-02-15 00:00:00+00:00,47945.05859375,48696.53515625,48875.5703125,46347.4765625,77069903166
2021-02-16 00:00:00+00:00,49199.87109375,47944.45703125,50341.1015625,47201.3046875,77049582886
2021-02-17 00:00:00+00:00,52149.0078125,49207.27734375,52533.9140625,49072.37890625,80820545404
2021-02-18 00:00:00+00:00,51679.796875,52140.97265625,52474.10546875,51015.765625,52054723579
2021-02-19 00:00:00+00:00,55888.1328125,51675.98046875,56113.65234375,50937.27734375,63495496918
2021-02-20 00:00:00+00:00,56099.51953125,55887.3359375,57505.2265625,54626.55859375,68145460026
2021-02-21 00:00:00+00:00,57539.9453125,56068.56640625,58330.5703125,55672.609375,51897585191
2021-02-22 00:00:00+00:00,54207.3203125,57532.73828125,57533.390625,48967.56640625,92052420332
2021-02-23 00:00:00+00:00,48824.42578125,54204.9296875,54204.9296875,45290.58984375,106102492824
2021-02-24 00:00:00+00:00,49705.33203125,48835.0859375,51290.13671875,47213.5,63695521388
2021-02-25 00:00:00+00:00,47093.8515625,49709.08203125,51948.96875,47093.8515625,54506565949
2021-02-26 00:00:00+00:00,46339.76171875,47180.46484375,48370.78515625,44454.84375,350967941479
2021-02-27 00:00:00+00:00,46188.453125,46344.7734375,48253.26953125,45269.02734375,45910946382
2021-02-28 00:00:00+00:00,45137.76953125,46194.015625,46716.4296875,43241.6171875,53443887451
2021-03-01 00:00:00+00:00,49631.2421875,45159.50390625,49784.015625,45115.09375,53891300112
2021-03-02 00:00:00+00:00,48378.98828125,49612.10546875,50127.51171875,47228.84375,47530897720
2021-03-03 00:00:00+00:00,50538.2421875,48415.81640625,52535.13671875,48274.3203125,53220811975
2021-03-04 00:00:00+00:00,48561.16796875,50522.3046875,51735.08984375,47656.9296875,52343816680
2021-03-05 00:00:00+00:00,48927.3046875,48527.03125,49396.4296875,46542.515625,48625928883
2021-03-06 00:00:00+00:00,48912.3828125,48899.23046875,49147.21875,47257.52734375,34363564661
2021-03-07 00:00:00+00:00,51206.69140625,48918.6796875,51384.3671875,48918.6796875,43137459378
2021-03-08 00:00:00+00:00,52246.5234375,51174.1171875,52314.0703125,49506.0546875,48597428048
2021-03-09 00:00:00+00:00,54824.1171875,52272.96875,54824.1171875,51981.83203125,50912227385
2021-03-10 00:00:00+00:00,56008.55078125,54824.01171875,57258.25390625,53290.890625,57295577614
2021-03-11 00:00:00+00:00,57805.12109375,55963.1796875,58091.0625,54484.59375,56772343595
2021-03-12 00:00:00+00:00,57332.08984375,57821.21875,57996.62109375,55376.6484375,55689944702
2021-03-13 00:00:00+00:00,61243.0859375,57343.37109375,61683.86328125,56217.97265625,60669829814
2021-03-14 00:00:00+00:00,59302.31640625,61221.1328125,61597.91796875,59302.31640625,43901225564
2021-03-15 00:00:00+00:00,55907.19921875,59267.4296875,60540.9921875,55393.1640625,66419369890
2021-03-16 00:00:00+00:00,56804.90234375,55840.78515625,56833.1796875,53555.02734375,59749798599
2021-03-17 00:00:00+00:00,58870.89453125,56825.828125,58969.81640625,54528.62890625,60258313191
2021-03-18 00:00:00+00:00,57858.921875,58893.078125,60116.25,54253.578125,55746041000
2021-03-19 00:00:00+00:00,58346.65234375,57850.44140625,59498.375,56643.703125,49063873786
2021-03-20 00:00:00+00:00,58313.64453125,58332.26171875,60031.28515625,58213.296875,50361731222
2021-03-21 00:00:00+00:00,57523.421875,58309.9140625,58767.8984375,56005.6171875,51943414539
2021-03-22 00:00:00+00:00,54529.14453125,57517.890625,58471.48046875,54288.15625,56521454974
2021-03-23 00:00:00+00:00,54738.9453125,54511.66015625,55985.44140625,53470.6953125,56435023914
2021-03-24 00:00:00+00:00,52774.265625,54710.48828125,57262.3828125,52514.33203125,70567223787
2021-03-25 00:00:00+00:00,51704.16015625,52726.74609375,53392.38671875,50856.5703125,67999812841
2021-03-26 00:00:00+00:00,55137.3125,51683.01171875,55137.3125,51579.85546875,56652197978
2021-03-27 00:00:00+00:00,55973.51171875,55137.56640625,56568.21484375,54242.91015625,47266542233
2021-03-28 00:00:00+00:00,55950.74609375,55974.94140625,56610.3125,55071.11328125,47686580918
2021-03-29 00:00:00+00:00,57750.19921875,55947.8984375,58342.09765625,55139.33984375,57625587027
2021-03-30 00:00:00+00:00,58917.69140625,57750.1328125,59447.22265625,57251.55078125,54414116432
2021-03-31 00:00:00+00:00,58918.83203125,58930.27734375,59930.02734375,57726.41796875,65520826225
2021-04-01 00:00:00+00:00,59095.80859375,58926.5625,59586.0703125,58505.27734375,61669163792
2021-04-02 00:00:00+00:00,59384.3125,59098.87890625,60267.1875,58869.28125,58727860620
2021-04-03 00:00:00+00:00,57603.890625,59397.41015625,60110.26953125,57603.890625,59641344484
2021-04-04 00:00:00+00:00,58758.5546875,57604.83984375,58913.74609375,57168.67578125,50749662970
2021-04-05 00:00:00+00:00,59057.87890625,58760.875,59891.296875,57694.82421875,60706272115
2021-04-06 00:00:00+00:00,58192.359375,59171.93359375,59479.578125,57646.80859375,66058027988
2021-04-07 00:00:00+00:00,56048.9375,58186.5078125,58731.14453125,55604.0234375,75645303584
2021-04-08 00:00:00+00:00,58323.953125,56099.9140625,58338.73828125,55879.0859375,53053855641
2021-04-09 00:00:00+00:00,58245.00390625,58326.5625,58937.046875,57807.86328125,46655208546
2021-04-10 00:00:00+00:00,59793.234375,58253.77734375,61276.6640625,58038.70703125,58238470525
2021-04-11 00:00:00+00:00,60204.96484375,59846.23046875,60790.5546875,59289.796875,46280252580
2021-04-12 00:00:00+00:00,59893.453125,60175.9453125,61253.03515625,59589.875,51828688519
2021-04-13 00:00:00+00:00,63503.45703125,59890.01953125,63742.28515625,59869.95703125,69983454362
2021-04-14 00:00:00+00:00,63109.6953125,63523.75390625,64863.09765625,61554.796875,77451779687
2021-04-15 00:00:00+00:00,63314.01171875,63075.1953125,63821.671875,62208.96484375,60954381579
2021-04-16 00:00:00+00:00,61572.7890625,63258.50390625,63594.72265625,60222.53125,84293007468
2021-04-17 00:00:00+00:00,60683.8203125,61529.921875,62572.17578125,60361.3515625,66138759198
2021-04-18 00:00:00+00:00,56216.18359375,60701.88671875,61057.45703125,52829.53515625,97468872758
2021-04-19 00:00:00+00:00,55724.265625,56191.5859375,57520.0546875,54368.59375,65344865159
2021-04-20 00:00:00+00:00,56473.03125,55681.79296875,57062.1484375,53448.046875,67849323955
2021-04-21 00:00:00+00:00,53906.08984375,56471.12890625,56757.97265625,53695.46875,54926612466
2021-04-22 00:00:00+00:00,51762.2734375,53857.10546875,55410.23046875,50583.8125,74798630778
2021-04-23 00:00:00+00:00,51093.65234375,51739.80859375,52120.79296875,47714.6640625,86668667320
2021-04-24 00:00:00+00:00,50050.8671875,51143.2265625,51167.5625,48805.28515625,49014494781
2021-04-25 00:00:00+00:00,49004.25390625,50052.83203125,50506.01953125,47159.484375,46117114240
2021-04-26 00:00:00+00:00,54021.75390625,49077.79296875,54288.00390625,48852.796875,58284039825
2021-04-27 00:00:00+00:00,55033.1171875,54030.3046875,55416.96484375,53319.1875,49448222757
2021-04-28 00:00:00+00:00,54824.703125,55036.63671875,56227.20703125,53887.91796875,48000572955
2021-04-29 00:00:00+00:00,53555.109375,54858.08984375,55115.84375,52418.02734375,46088929780
2021-04-30 00:00:00+00:00,57750.17578125,53568.6640625,57900.71875,53129.6015625,52395931985
2021-05-01 00:00:00+00:00,57828.05078125,57714.6640625,58448.33984375,57052.2734375,42836427360
2021-05-02 00:00:00+00:00,56631.078125,57825.86328125,57902.59375,56141.90625,38177405335
2021-05-03 00:00:00+00:00,57200.29296875,56620.2734375,58973.30859375,56590.87109375,51713139031
2021-05-04 00:00:00+00:00,53333.5390625,57214.1796875,57214.1796875,53191.42578125,68564706967
2021-05-05 00:00:00+00:00,57424.0078125,53252.1640625,57911.36328125,52969.0546875,69241316747
2021-05-06 00:00:00+00:00,56396.515625,57441.30859375,58363.31640625,55382.5078125,69523285106
2021-05-07 00:00:00+00:00,57356.40234375,56413.953125,58606.6328125,55321.84765625,68434023376
2021-05-08 00:00:00+00:00,58803.77734375,57352.765625,59464.61328125,56975.2109375,65382980634
2021-05-09 00:00:00+00:00,58232.31640625,58877.390625,59210.8828125,56482.00390625,65906690347
2021-05-10 00:00:00+00:00,55859.796875,58250.87109375,59519.35546875,54071.45703125,71776546298
2021-05-11 00:00:00+00:00,56704.57421875,55847.2421875,56872.54296875,54608.65234375,61308396325
2021-05-12 00:00:00+00:00,49150.53515625,56714.53125,57939.36328125,49150.53515625,75215403907
2021-05-13 00:00:00+00:00,49716.19140625,49735.43359375,51330.84375,46980.01953125,96721152926
2021-05-14 00:00:00+00:00,49880.53515625,49682.98046875,51438.1171875,48868.578125,55737497453
2021-05-15 00:00:00+00:00,46760.1875,49855.49609375,50639.6640625,46664.140625,59161047474
2021-05-16 00:00:00+00:00,46456.05859375,46716.63671875,49720.04296875,43963.3515625,64047871555
2021-05-17 00:00:00+00:00,43537.51171875,46415.8984375,46623.55859375,42207.2890625,74903638450
2021-05-18 00:00:00+00:00,42909.40234375,43488.05859375,45812.45703125,42367.83203125,56187365084
2021-05-19 00:00:00+00:00,37002.44140625,42944.9765625,43546.1171875,30681.49609375,126358098747
2021-05-20 00:00:00+00:00,40782.73828125,36753.66796875,42462.984375,35050.6171875,88281943359
2021-05-21 00:00:00+00:00,37304.69140625,40596.94921875,42172.171875,33616.453125,82051616861
2021-05-22 00:00:00+00:00,37536.6328125,37371.03125,38831.0546875,35383.68359375,57377273240
2021-05-23 00:00:00+00:00,34770.58203125,37531.44921875,38289.21875,31227.33984375,78469274361
2021-05-24 00:00:00+00:00,38705.98046875,34700.36328125,39835.140625,34551.08203125,67359584098
2021-05-25 00:00:00+00:00,38402.22265625,38795.78125,39776.3515625,36581.4296875,56211915803
2021-05-26 00:00:00+00:00,39294.19921875,38392.625,40782.078125,37905.8359375,51346735160
2021-05-27 00:00:00+00:00,38436.96875,39316.890625,40379.6171875,37247.90234375,43210968721
2021-05-28 00:00:00+00:00,35697.60546875,38507.08203125,38856.96875,34779.0390625,55200191952
2021-05-29 00:00:00+00:00,34616.06640625,35684.15625,37234.5,33693.9296875,45231013335
2021-05-30 00:00:00+00:00,35678.12890625,34607.40625,36400.66796875,33520.73828125,31646080921
2021-05-31 00:00:00+00:00,37332.85546875,35658.59375,37468.25,34241.9453125,39009847639
2021-06-01 00:00:00+00:00,36684.92578125,37293.79296875,37896.734375,35787.0859375,34639423297
2021-06-02 00:00:00+00:00,37575.1796875,36699.921875,38231.33984375,35966.30859375,33070867190
2021-06-03 00:00:00+00:00,39208.765625,37599.41015625,39478.953125,37243.97265625,35460750427
2021-06-04 00:00:00+00:00,36894.40625,39242.484375,39242.484375,35717.72265625,41831090187
2021-06-05 00:00:00+00:00,35551.95703125,36880.15625,37917.71484375,34900.4140625,35959473399
2021-06-06 00:00:00+00:00,35862.37890625,35538.609375,36436.421875,35304.578125,28913440585
2021-06-07 00:00:00+00:00,33560.70703125,35835.265625,36790.5703125,33480.640625,33683936663
2021-06-08 00:00:00+00:00,33472.6328125,33589.51953125,34017.38671875,31114.443359375,49902050442
2021-06-09 00:00:00+00:00,37345.12109375,33416.9765625,37537.37109375,32475.865234375,53972919008
2021-06-10 00:00:00+00:00,36702.59765625,37389.515625,38334.32421875,35847.59375,43576032854
2021-06-11 00:00:00+00:00,37334.3984375,36697.03125,37608.6953125,36044.44921875,38699736985
2021-06-12 00:00:00+00:00,35552.515625,37340.14453125,37408.92578125,34728.19140625,37924228550
2021-06-13 00:00:00+00:00,39097.859375,35555.7890625,39322.78125,34864.109375,40669112838
2021-06-14 00:00:00+00:00,40218.4765625,39016.96875,40978.36328125,38757.28515625,43148914673
2021-06-15 00:00:00+00:00,40406.26953125,40427.16796875,41295.26953125,39609.46875,46420149185
2021-06-16 00:00:00+00:00,38347.0625,40168.69140625,40516.77734375,38176.03515625,39211635100
2021-06-17 00:00:00+00:00,38053.50390625,38341.421875,39513.671875,37439.67578125,37096670047
2021-06-18 00:00:00+00:00,35787.24609375,38099.4765625,38187.26171875,35255.85546875,36200887275
2021-06-19 00:00:00+00:00,35615.87109375,35854.52734375,36457.796875,34933.0625,31207279719
2021-06-20 00:00:00+00:00,35698.296875,35563.140625,36059.484375,33432.07421875,36664034054
2021-06-21 00:00:00+00:00,31676.693359375,35641.14453125,35721.640625,31295.935546875,52809038594
2021-06-22 00:00:00+00:00,32505.66015625,31622.376953125,33292.453125,28893.62109375,58964353058
2021-06-23 00:00:00+00:00,33723.02734375,32515.71484375,34753.41015625,31772.6328125,46317108925
2021-06-24 00:00:00+00:00,34662.4375,33682.80078125,35228.8515625,32385.21484375,33123368116
2021-06-25 00:00:00+00:00,31637.779296875,34659.10546875,35487.24609375,31350.884765625,40230904226
2021-06-26 00:00:00+00:00,32186.27734375,31594.6640625,32637.587890625,30184.501953125,38585385521
2021-06-27 00:00:00+00:00,34649.64453125,32287.5234375,34656.12890625,32071.7578125,35511640894
2021-06-28 00:00:00+00:00,34434.3359375,34679.12109375,35219.890625,33902.07421875,33892523752
2021-06-29 00:00:00+00:00,35867.77734375,34475.55859375,36542.109375,34252.484375,37901460044
2021-06-30 00:00:00+00:00,35040.8359375,35908.38671875,36074.7578125,34086.15234375,34059036099
2021-07-01 00:00:00+00:00,33572.1171875,35035.984375,35035.984375,32883.78125,37838957079
2021-07-02 00:00:00+00:00,33897.046875,33549.6015625,33939.58984375,32770.6796875,38728974942
2021-07-03 00:00:00+00:00,34668.546875,33854.421875,34909.26171875,33402.6953125,24383958643
2021-07-04 00:00:00+00:00,35287.78125,34665.56640625,35937.56640625,34396.4765625,24924307911
2021-07-05 00:00:00+00:00,33746.00390625,35284.34375,35284.34375,33213.66015625,26721554282
2021-07-06 00:00:00+00:00,34235.1953125,33723.5078125,35038.53515625,33599.91796875,26501259870
2021-07-07 00:00:00+00:00,33855.328125,34225.6796875,34997.6640625,33839.2890625,24796027477
2021-07-08 00:00:00+00:00,32877.37109375,33889.60546875,33907.90625,32133.18359375,29910396946
2021-07-09 00:00:00+00:00,33798.01171875,32861.671875,34042.29296875,32318.880859375,27436021028
2021-07-10 00:00:00+00:00,33520.51953125,33811.2421875,34209.0703125,33116.01171875,22971873468
2021-07-11 00:00:00+00:00,34240.1875,33509.078125,34584.703125,33346.73828125,20108729370
2021-07-12 00:00:00+00:00,33155.84765625,34254.015625,34592.15625,32697.30859375,24321499537
2021-07-13 00:00:00+00:00,32702.025390625,33125.46875,33327.1015625,32261.419921875,19120856669
2021-07-14 00:00:00+00:00,32822.34765625,32723.845703125,33061.3984375,31639.125,21376531210
2021-07-15 00:00:00+00:00,31780.73046875,32827.875,33159.640625,31175.708984375,21300524237
2021-07-16 00:00:00+00:00,31421.5390625,31841.55078125,32218.40625,31100.673828125,23699476918
2021-07-17 00:00:00+00:00,31533.068359375,31397.30859375,31935.9453125,31223.990234375,18895018942
2021-07-18 00:00:00+00:00,31796.810546875,31533.884765625,32398.99609375,31215.4921875,18787986667
2021-07-19 00:00:00+00:00,30817.83203125,31800.01171875,31885.859375,30563.734375,20434789545
2021-07-20 00:00:00+00:00,29807.34765625,30838.28515625,31006.1875,29360.955078125,23148267245
2021-07-21 00:00:00+00:00,32110.693359375,29796.28515625,32752.326171875,29526.18359375,28203024559
2021-07-22 00:00:00+00:00,32313.10546875,32138.873046875,32576.400390625,31745.298828125,19555230518
2021-07-23 00:00:00+00:00,33581.55078125,32305.958984375,33581.55078125,32057.892578125,22552046192
2021-07-24 00:00:00+00:00,34292.4453125,33593.73046875,34490.390625,33424.859375,21664706865
2021-07-25 00:00:00+00:00,35350.1875,34290.29296875,35364.92578125,33881.8359375,20856685287
2021-07-26 00:00:00+00:00,37337.53515625,35384.03125,40499.67578125,35287.3125,51022126212
2021-07-27 00:00:00+00:00,39406.94140625,37276.03515625,39406.94140625,36441.7265625,35097370560
2021-07-28 00:00:00+00:00,39995.90625,39503.1875,40816.0703125,38862.4375,38702404695
2021-07-29 00:00:00+00:00,40008.421875,39995.453125,40593.0703125,39352.05859375,27167146027
2021-07-30 00:00:00+00:00,42235.546875,40027.484375,42235.546875,38397.35546875,33072782960
2021-07-31 00:00:00+00:00,41626.1953125,42196.3046875,42231.44921875,41110.83203125,25802845343
2021-08-01 00:00:00+00:00,39974.89453125,41460.84375,42541.6796875,39540.94140625,26688438115
2021-08-02 00:00:00+00:00,39201.9453125,39907.26171875,40419.1796875,38746.34765625,25595265436
2021-08-03 00:00:00+00:00,38152.98046875,39178.40234375,39750.03125,37782.05078125,26189830450
2021-08-04 00:00:00+00:00,39747.50390625,38213.33203125,39952.296875,37589.1640625,25372562724
2021-08-05 00:00:00+00:00,40869.5546875,39744.515625,41341.93359375,37458.00390625,35185031017
2021-08-06 00:00:00+00:00,42816.5,40865.8671875,43271.66015625,39932.1796875,38226483046
2021-08-07 00:00:00+00:00,44555.80078125,42832.796875,44689.859375,42618.56640625,40030862141
2021-08-08 00:00:00+00:00,43798.1171875,44574.4375,45282.3515625,43331.91015625,36302664750
2021-08-09 00:00:00+00:00,46365.40234375,43791.92578125,46456.83203125,42848.6875,38734079049
2021-08-10 00:00:00+00:00,45585.03125,46280.84765625,46637.98828125,44705.5546875,33546019517
2021-08-11 00:00:00+00:00,45593.63671875,45599.703125,46735.6328125,45351.7109375,34319709073
2021-08-12 00:00:00+00:00,44428.2890625,45576.87890625,46228.91015625,43861.4453125,33723620826
2021-08-13 00:00:00+00:00,47793.3203125,44439.69140625,47831.9765625,44282.41796875,31744259539
2021-08-14 00:00:00+00:00,47096.9453125,47810.6875,48098.68359375,46177.6328125,31211354442
2021-08-15 00:00:00+00:00,47047.00390625,47096.66796875,47357.10546875,45579.58984375,30988958446
2021-08-16 00:00:00+00:00,46004.484375,47019.9609375,47998.09765625,45700.3203125,32776876610
2021-08-17 00:00:00+00:00,44695.359375,45936.45703125,47139.5703125,44512.41796875,33451362600
2021-08-18 00:00:00+00:00,44801.1875,44686.75,45952.0625,44364.02734375,32194123075
2021-08-19 00:00:00+00:00,46717.578125,44741.8828125,46970.76171875,43998.31640625,37204312299
2021-08-20 00:00:00+00:00,49339.17578125,46723.12109375,49342.15234375,46650.70703125,34706867452
2021-08-21 00:00:00+00:00,48905.4921875,49327.07421875,49717.01953125,48312.19921875,40585205312
2021-08-22 00:00:00+00:00,49321.65234375,48869.10546875,49471.609375,48199.94140625,25370975378
2021-08-23 00:00:00+00:00,49546.1484375,49291.67578125,50482.078125,49074.60546875,34305053719
2021-08-24 00:00:00+00:00,47706.1171875,49562.34765625,49878.76953125,47687.1171875,35361168834
2021-08-25 00:00:00+00:00,48960.7890625,47727.2578125,49202.87890625,47163.61328125,32646349931
2021-08-26 00:00:00+00:00,46942.21875,49002.640625,49347.58203125,46405.78125,32666549568
2021-08-27 00:00:00+00:00,49058.66796875,46894.5546875,49112.78515625,46394.28125,34511076995
2021-08-28 00:00:00+00:00,48902.40234375,49072.5859375,49283.50390625,48499.23828125,28568103401
2021-08-29 00:00:00+00:00,48829.83203125,48911.25,49644.11328125,47925.85546875,25889650240
2021-08-30 00:00:00+00:00,47054.984375,48834.8515625,48925.60546875,46950.2734375,31847007016
2021-08-31 00:00:00+00:00,47166.6875,47024.33984375,48189.55078125,46750.09375,34730363427
2021-09-01 00:00:00+00:00,48847.02734375,47099.7734375,49111.08984375,46562.4375,39139399125
2021-09-02 00:00:00+00:00,49327.72265625,48807.84765625,50343.421875,48652.3203125,39508070319
2021-09-03 00:00:00+00:00,50025.375,49288.25,50982.2734375,48386.0859375,43206179619
2021-09-04 00:00:00+00:00,49944.625,50009.32421875,50545.58203125,49548.78125,37471327794
2021-09-05 00:00:00+00:00,51753.41015625,49937.859375,51868.6796875,49538.59765625,30322676319
2021-09-06 00:00:00+00:00,52633.53515625,51769.00390625,52700.94140625,51053.6796875,38884105426
2021-09-07 00:00:00+00:00,46811.12890625,52660.48046875,52853.765625,43285.20703125,65210059683
2021-09-08 00:00:00+00:00,46091.390625,46827.76171875,47334.0546875,44561.39453125,49007762488
2021-09-09 00:00:00+00:00,46391.421875,45774.7421875,47261.94921875,45669.73828125,38672657013
2021-09-10 00:00:00+00:00,44883.91015625,46396.6640625,47031.7421875,44344.484375,39154666597
2021-09-11 00:00:00+00:00,45201.45703125,44869.83984375,45969.29296875,44818.265625,34499835245
2021-09-12 00:00:00+00:00,46063.26953125,45206.62890625,46364.87890625,44790.4609375,27881980161
2021-09-13 00:00:00+00:00,44963.07421875,46057.21484375,46598.6796875,43591.3203125,40969943253
2021-09-14 00:00:00+00:00,47092.4921875,44960.05078125,47218.125,44752.33203125,38652152880
2021-09-15 00:00:00+00:00,48176.34765625,47098.0,48450.46875,46773.328125,30484496466
2021-09-16 00:00:00+00:00,47783.359375,48158.90625,48486.828125,47079.55859375,31764293754
2021-09-17 00:00:00+00:00,47267.51953125,47771.00390625,48160.921875,46832.5234375,28727713711
2021-09-18 00:00:00+00:00,48278.36328125,47273.52734375,48791.78125,47087.28515625,28575630451
2021-09-19 00:00:00+00:00,47260.21875,48268.85546875,48328.3671875,46919.8046875,26967722648
2021-09-20 00:00:00+00:00,42843.80078125,47261.40625,47328.19921875,42598.9140625,43909845642
2021-09-21 00:00:00+00:00,40693.67578125,43012.234375,43607.609375,39787.609375,48701090088
2021-09-22 00:00:00+00:00,43574.5078125,40677.953125,43978.62109375,40625.6328125,38139709246
2021-09-23 00:00:00+00:00,44895.09765625,43560.296875,44942.17578125,43109.33984375,34244064430
2021-09-24 00:00:00+00:00,42839.75,44894.30078125,45080.4921875,40936.55859375,42839345714
2021-09-25 00:00:00+00:00,42716.59375,42840.890625,42996.2578125,41759.921875,31604717236
2021-09-26 00:00:00+00:00,43208.5390625,42721.62890625,43919.30078125,40848.4609375,30661222077
2021-09-27 00:00:00+00:00,42235.73046875,43234.18359375,44313.24609375,42190.6328125,30980029059
2021-09-28 00:00:00+00:00,41034.54296875,42200.8984375,42775.14453125,40931.6640625,30214940550
2021-09-29 00:00:00+00:00,41564.36328125,41064.984375,42545.2578125,40829.66796875,30602359905
2021-09-30 00:00:00+00:00,43790.89453125,41551.26953125,44092.6015625,41444.58203125,31141681925
2021-10-01 00:00:00+00:00,48116.94140625,43816.7421875,48436.01171875,43320.0234375,42850641582
2021-10-02 00:00:00+00:00,47711.48828125,48137.46875,48282.0625,47465.49609375,30614346492
2021-10-03 00:00:00+00:00,48199.953125,47680.02734375,49130.69140625,47157.2890625,26638115879
2021-10-04 00:00:00+00:00,49112.90234375,48208.90625,49456.77734375,47045.00390625,33383173002
2021-10-05 00:00:00+00:00,51514.8125,49174.9609375,51839.984375,49072.83984375,35873904236
2021-10-06 00:00:00+00:00,55361.44921875,51486.6640625,55568.46484375,50488.19140625,49034730168
2021-10-07 00:00:00+00:00,53805.984375,55338.625,55338.625,53525.46875,36807860413
2021-10-08 00:00:00+00:00,53967.84765625,53802.14453125,55922.98046875,53688.0546875,34800873924
2021-10-09 00:00:00+00:00,54968.22265625,53929.78125,55397.9453125,53735.14453125,32491211414
2021-10-10 00:00:00+00:00,54771.578125,54952.8203125,56401.3046875,54264.2578125,39527792364
2021-10-11 00:00:00+00:00,57484.7890625,54734.125,57793.0390625,54519.765625,42637331698
2021-10-12 00:00:00+00:00,56041.05859375,57526.83203125,57627.87890625,54477.97265625,41083758949
2021-10-13 00:00:00+00:00,57401.09765625,56038.2578125,57688.66015625,54370.97265625,41684252783
2021-10-14 00:00:00+00:00,57321.5234375,57372.83203125,58478.734375,56957.07421875,36615791366
2021-10-15 00:00:00+00:00,61593.94921875,57345.90234375,62757.12890625,56868.14453125,51780081801
2021-10-16 00:00:00+00:00,60892.1796875,61609.52734375,62274.4765625,60206.12109375,34250964237
2021-10-17 00:00:00+00:00,61553.6171875,60887.65234375,61645.5234375,59164.46875,29032367511
2021-10-18 00:00:00+00:00,62026.078125,61548.8046875,62614.66015625,60012.7578125,38055562075
2021-10-19 00:00:00+00:00,64261.9921875,62043.1640625,64434.53515625,61622.93359375,40471196346
2021-10-20 00:00:00+00:00,65992.8359375,64284.5859375,66930.390625,63610.67578125,40788955582
2021-10-21 00:00:00+00:00,62210.171875,66002.234375,66600.546875,62117.41015625,45908121370
2021-10-22 00:00:00+00:00,60692.265625,62237.890625,63715.0234375,60122.796875,38434082775
2021-10-23 00:00:00+00:00,61393.6171875,60694.62890625,61743.87890625,59826.5234375,26882546034
2021-10-24 00:00:00+00:00,60930.8359375,61368.34375,61505.8046875,59643.34375,27316183882
2021-10-25 00:00:00+00:00,63039.82421875,60893.92578125,63729.32421875,60691.80078125,31064911614
2021-10-26 00:00:00+00:00,60363.79296875,63032.76171875,63229.02734375,59991.16015625,34878965587
2021-10-27 00:00:00+00:00,58482.38671875,60352.0,61435.18359375,58208.1875,43657076893
2021-10-28 00:00:00+00:00,60622.13671875,58470.73046875,62128.6328125,58206.91796875,45257083247
2021-10-29 00:00:00+00:00,62227.96484375,60624.87109375,62927.609375,60329.96484375,36856881767
2021-10-30 00:00:00+00:00,61888.83203125,62239.36328125,62330.14453125,60918.38671875,32157938616
2021-10-31 00:00:00+00:00,61318.95703125,61850.48828125,62406.171875,60074.328125,32241199927
2021-11-01 00:00:00+00:00,61004.40625,61320.44921875,62419.00390625,59695.18359375,36150572843
2021-11-02 00:00:00+00:00,63226.40234375,60963.25390625,64242.79296875,60673.0546875,37746665647
2021-11-03 00:00:00+00:00,62970.046875,63254.3359375,63516.9375,61184.23828125,36124731509
2021-11-04 00:00:00+00:00,61452.23046875,62941.8046875,63123.2890625,60799.6640625,32615846901
2021-11-05 00:00:00+00:00,61125.67578125,61460.078125,62541.46875,60844.609375,30605102446
2021-11-06 00:00:00+00:00,61527.48046875,61068.875,61590.68359375,60163.78125,29094934221
2021-11-07 00:00:00+00:00,63326.98828125,61554.921875,63326.98828125,61432.48828125,24726754302
2021-11-08 00:00:00+00:00,67566.828125,63344.06640625,67673.7421875,63344.06640625,41125608330
2021-11-09 00:00:00+00:00,66971.828125,67549.734375,68530.3359375,66382.0625,42357991721
2021-11-10 00:00:00+00:00,64995.23046875,66953.3359375,68789.625,63208.11328125,48730828378
2021-11-11 00:00:00+00:00,64949.9609375,64978.890625,65579.015625,64180.48828125,35880633236
2021-11-12 00:00:00+00:00,64155.94140625,64863.98046875,65460.81640625,62333.9140625,36084893887
2021-11-13 00:00:00+00:00,64469.52734375,64158.12109375,64915.67578125,63303.734375,30474228777
2021-11-14 00:00:00+00:00,65466.83984375,64455.37109375,65495.1796875,63647.80859375,25122092191
2021-11-15 00:00:00+00:00,63557.87109375,65521.2890625,66281.5703125,63548.14453125,30558763548
2021-11-16 00:00:00+00:00,60161.24609375,63721.1953125,63721.1953125,59016.3359375,46844335592
2021-11-17 00:00:00+00:00,60368.01171875,60139.62109375,60823.609375,58515.41015625,39178392930
2021-11-18 00:00:00+00:00,56942.13671875,60360.13671875,60948.5,56550.79296875,41388338699
2021-11-19 00:00:00+00:00,58119.578125,56896.12890625,58351.11328125,55705.1796875,38702407772
2021-11-20 00:00:00+00:00,59697.1953125,58115.08203125,59859.87890625,57469.7265625,30624264863
2021-11-21 00:00:00+00:00,58730.4765625,59730.5078125,60004.42578125,58618.9296875,26123447605
2021-11-22 00:00:00+00:00,56289.2890625,58706.84765625,59266.359375,55679.83984375,35036121783
2021-11-23 00:00:00+00:00,57569.07421875,56304.5546875,57875.515625,55632.76171875,37485803899
2021-11-24 00:00:00+00:00,56280.42578125,57565.8515625,57803.06640625,55964.22265625,36635566789
2021-11-25 00:00:00+00:00,57274.6796875,57165.41796875,59367.96875,57146.68359375,34284016248
2021-11-26 00:00:00+00:00,53569.765625,58960.28515625,59183.48046875,53569.765625,41810748221
2021-11-27 00:00:00+00:00,54815.078125,53736.4296875,55329.2578125,53668.35546875,30560857714
2021-11-28 00:00:00+00:00,57248.45703125,54813.0234375,57393.84375,53576.734375,28116886357
2021-11-29 00:00:00+00:00,57806.56640625,57291.90625,58872.87890625,56792.52734375,32370840356
2021-11-30 00:00:00+00:00,57005.42578125,57830.11328125,59113.40234375,56057.28125,36708594618
2021-12-01 00:00:00+00:00,57229.828125,56907.96484375,59041.68359375,56553.08203125,36858195307
2021-12-02 00:00:00+00:00,56477.81640625,57217.37109375,57349.234375,55895.1328125,32379968686
2021-12-03 00:00:00+00:00,53598.24609375,56509.1640625,57482.16796875,52496.5859375,39789134215
2021-12-04 00:00:00+00:00,49200.703125,53727.87890625,53904.6796875,42874.6171875,61385677469
2021-12-05 00:00:00+00:00,49368.84765625,49201.51953125,49768.1484375,47857.49609375,37198201161
2021-12-06 00:00:00+00:00,50582.625,49413.48046875,50929.51953125,47281.03515625,37707308001
2021-12-07 00:00:00+00:00,50700.0859375,50581.828125,51934.78125,50175.80859375,33676814852
2021-12-08 00:00:00+00:00,50504.796875,50667.6484375,51171.375,48765.98828125,28479699446
2021-12-09 00:00:00+00:00,47672.12109375,50450.08203125,50797.1640625,47358.3515625,29603577251
2021-12-10 00:00:00+00:00,47243.3046875,47642.14453125,50015.25390625,47023.69921875,30966005122
2021-12-11 00:00:00+00:00,49362.5078125,47264.6328125,49458.2109375,46942.34765625,25775869261
2021-12-12 00:00:00+00:00,50098.3359375,49354.85546875,50724.8671875,48725.8515625,21939223599
2021-12-13 00:00:00+00:00,46737.48046875,50114.7421875,50205.0,45894.84765625,32166727776
2021-12-14 00:00:00+00:00,46612.6328125,46709.82421875,48431.3984375,46424.49609375,34638619079
2021-12-15 00:00:00+00:00,48896.72265625,48379.75390625,49473.95703125,46671.96484375,36541828520
2021-12-16 00:00:00+00:00,47665.42578125,48900.46484375,49425.57421875,47529.87890625,27268150947
2021-12-17 00:00:00+00:00,46202.14453125,47653.73046875,48004.89453125,45618.21484375,32902725329
2021-12-18 00:00:00+00:00,46848.77734375,46219.25390625,47313.828125,45598.44140625,26098292690
2021-12-19 00:00:00+00:00,46707.015625,46853.8671875,48089.6640625,46502.953125,25154053861
2021-12-20 00:00:00+00:00,46880.27734375,46707.0625,47401.71875,45579.80859375,30961902129
2021-12-21 00:00:00+00:00,48936.61328125,46886.078125,49300.91796875,46698.7734375,27055803928
2021-12-22 00:00:00+00:00,48628.51171875,48937.09765625,49544.796875,48450.94140625,24447979559
2021-12-23 00:00:00+00:00,50784.5390625,48626.34375,51332.33984375,48065.8359375,28223878108
2021-12-24 00:00:00+00:00,50822.1953125,50806.05078125,51814.02734375,50514.49609375,24367912228
2021-12-25 00:00:00+00:00,50429.859375,50854.91796875,51176.59765625,50236.70703125,19030650914
2021-12-26 00:00:00+00:00,50809.515625,50428.69140625,51196.37890625,49623.10546875,20964372926
2021-12-27 00:00:00+00:00,50640.41796875,50802.609375,51956.328125,50499.46875,24324345758
2021-12-28 00:00:00+00:00,47588.85546875,50679.859375,50679.859375,47414.2109375,33430376883
2021-12-29 00:00:00+00:00,46444.7109375,47623.87109375,48119.7421875,46201.49609375,30049226299
2021-12-30 00:00:00+00:00,47178.125,46490.60546875,47879.96484375,46060.3125,26686491018
2021-12-31 00:00:00+00:00,46306.4453125,47169.37109375,48472.52734375,45819.953125,36974172400
2022-01-01 00:00:00+00:00,47686.8125,46311.74609375,47827.3125,46288.484375,24582667004
2022-01-02 00:00:00+00:00,47345.21875,47680.92578125,47881.40625,46856.9375,27951569547
2022-01-03 00:00:00+00:00,46458.1171875,47343.54296875,47510.7265625,45835.96484375,33071628362
2022-01-04 00:00:00+00:00,45897.57421875,46458.8515625,47406.546875,45752.46484375,42494677905
2022-01-05 00:00:00+00:00,43569.00390625,45899.359375,46929.046875,42798.22265625,36851084859
2022-01-06 00:00:00+00:00,43160.9296875,43565.51171875,43748.71875,42645.5390625,30208048289
2022-01-07 00:00:00+00:00,41557.90234375,43153.5703125,43153.5703125,41077.4453125,84196607520
2022-01-08 00:00:00+00:00,41733.94140625,41561.46484375,42228.94140625,40672.27734375,28066355845
2022-01-09 00:00:00+00:00,41911.6015625,41734.7265625,42663.94921875,41338.16015625,21294384372
2022-01-10 00:00:00+00:00,41821.26171875,41910.23046875,42199.484375,39796.5703125,32104232331
2022-01-11 00:00:00+00:00,42735.85546875,41819.5078125,43001.15625,41407.75390625,26327648900
2022-01-12 00:00:00+00:00,43949.1015625,42742.1796875,44135.3671875,42528.98828125,33499938689
2022-01-13 00:00:00+00:00,42591.5703125,43946.7421875,44278.421875,42447.04296875,47691135082
2022-01-14 00:00:00+00:00,43099.69921875,42598.87109375,43346.6875,41982.6171875,23577403399
2022-01-15 00:00:00+00:00,43177.3984375,43101.8984375,43724.671875,42669.03515625,18371348298
2022-01-16 00:00:00+00:00,43113.87890625,43172.0390625,43436.80859375,42691.0234375,17902097845
2022-01-17 00:00:00+00:00,42250.55078125,43118.12109375,43179.390625,41680.3203125,21690904261
2022-01-18 00:00:00+00:00,42375.6328125,42250.07421875,42534.40234375,41392.21484375,22417209227
2022-01-19 00:00:00+00:00,41744.328125,42374.0390625,42478.3046875,41242.9140625,23091543258
2022-01-20 00:00:00+00:00,40680.41796875,41744.02734375,43413.0234375,40672.82421875,20382033940
2022-01-21 00:00:00+00:00,36457.31640625,40699.60546875,41060.52734375,35791.42578125,43011992031
2022-01-22 00:00:00+00:00,35030.25,36471.58984375,36688.8125,34349.25,39714385405
2022-01-23 00:00:00+00:00,36276.8046875,35047.359375,36433.3125,34784.96875,26017975951
2022-01-24 00:00:00+00:00,36654.328125,36275.734375,37247.51953125,33184.05859375,41856658597
2022-01-25 00:00:00+00:00,36954.00390625,36654.8046875,37444.5703125,35779.4296875,26428189594
2022-01-26 00:00:00+00:00,36852.12109375,36950.515625,38825.41015625,36374.90625,31324598034
2022-01-27 00:00:00+00:00,37138.234375,36841.87890625,37148.32421875,35629.28125,25041426629
2022-01-28 00:00:00+00:00,37784.33203125,37128.4453125,37952.87890625,36211.109375,22238830523
2022-01-29 00:00:00+00:00,38138.1796875,37780.71484375,38576.26171875,37406.47265625,17194183075
2022-01-30 00:00:00+00:00,37917.6015625,38151.91796875,38266.33984375,37437.7109375,14643548444
2022-01-31 00:00:00+00:00,38483.125,37920.28125,38647.26171875,36733.57421875,20734730465
2022-02-01 00:00:00+00:00,38743.2734375,38481.765625,39115.1328125,38113.6640625,20288500328
2022-02-02 00:00:00+00:00,36952.984375,38743.71484375,38834.6171875,36832.73046875,19155189416
2022-02-03 00:00:00+00:00,37154.6015625,36944.8046875,37154.6015625,36375.5390625,18591534769
2022-02-04 00:00:00+00:00,41500.875,37149.265625,41527.78515625,37093.62890625,29412210792
2022-02-05 00:00:00+00:00,41441.1640625,41501.48046875,41847.1640625,41038.09765625,19652846215
2022-02-06 00:00:00+00:00,42412.43359375,41441.12109375,42500.78515625,41244.90625,16142097334
2022-02-07 00:00:00+00:00,43840.28515625,42406.78125,44401.86328125,41748.15625,28641855926
2022-02-08 00:00:00+00:00,44118.4453125,43854.65234375,45293.8671875,42807.8359375,33079398868
2022-02-09 00:00:00+00:00,44338.796875,44096.703125,44727.80078125,43232.96875,23245887300
2022-02-10 00:00:00+00:00,43565.11328125,44347.80078125,45661.171875,43402.80859375,32142048537
2022-02-11 00:00:00+00:00,42407.9375,43571.12890625,43810.83203125,42114.5390625,26954925781
2022-02-12 00:00:00+00:00,42244.46875,42412.30078125,42992.55078125,41852.57421875,18152390304
2022-02-13 00:00:00+00:00,42197.515625,42236.56640625,42693.0546875,41950.94140625,14741589015
2022-02-14 00:00:00+00:00,42586.91796875,42157.3984375,42775.77734375,41681.95703125,20827783012
2022-02-15 00:00:00+00:00,44575.203125,42586.46484375,44667.21875,42491.03515625,22721659051
2022-02-16 00:00:00+00:00,43961.859375,44578.27734375,44578.27734375,43456.69140625,19792547657
2022-02-17 00:00:00+00:00,40538.01171875,43937.0703125,44132.97265625,40249.37109375,26246662813
2022-02-18 00:00:00+00:00,40030.9765625,40552.1328125,40929.15234375,39637.6171875,23310007704
2022-02-19 00:00:00+00:00,40122.15625,40026.0234375,40418.87890625,39713.05859375,13736557863
2022-02-20 00:00:00+00:00,38431.37890625,40118.1015625,40119.890625,38112.8125,18340576452
2022-02-21 00:00:00+00:00,37075.28125,38423.2109375,39394.4375,36950.4765625,29280402798
2022-02-22 00:00:00+00:00,38286.02734375,37068.76953125,38359.85546875,36488.93359375,25493150450
2022-02-23 00:00:00+00:00,37296.5703125,38285.28125,39122.39453125,37201.81640625,21849073843
2022-02-24 00:00:00+00:00,38332.609375,37278.56640625,38968.83984375,34459.21875,46383802093
2022-02-25 00:00:00+00:00,39214.21875,38333.74609375,39630.32421875,38111.34375,26545599159
2022-02-26 00:00:00+00:00,39105.1484375,39213.08203125,40005.34765625,38702.53515625,17467554129
2022-02-27 00:00:00+00:00,37709.78515625,39098.69921875,39778.94140625,37268.9765625,23450127612
2022-02-28 00:00:00+00:00,43193.234375,37706.0,43760.45703125,37518.21484375,35690014104
2022-03-01 00:00:00+00:00,44354.63671875,43194.50390625,44793.6015625,42952.5859375,32479047645
2022-03-02 00:00:00+00:00,43924.1171875,44357.6171875,45077.578125,43432.8515625,29183112630
2022-03-03 00:00:00+00:00,42451.7890625,43925.1953125,44021.578125,41914.75,24967782593
2022-03-04 00:00:00+00:00,39137.60546875,42458.140625,42479.61328125,38805.84765625,28516271427
2022-03-05 00:00:00+00:00,39400.5859375,39148.44921875,39566.3359375,38777.03515625,16975917450
2022-03-06 00:00:00+00:00,38419.984375,39404.19921875,39640.17578125,38211.6484375,19745229902
2022-03-07 00:00:00+00:00,38062.0390625,38429.3046875,39430.2265625,37260.203125,28546143503
2022-03-08 00:00:00+00:00,38737.26953125,38059.90234375,39304.44140625,37957.38671875,25776583476
2022-03-09 00:00:00+00:00,41982.92578125,38742.81640625,42465.671875,38706.09375,32284121034
2022-03-10 00:00:00+00:00,39437.4609375,41974.0703125,42004.7265625,38832.94140625,31078064711
2022-03-11 00:00:00+00:00,38794.97265625,39439.96875,40081.6796875,38347.43359375,26364890465
2022-03-12 00:00:00+00:00,38904.01171875,38794.46484375,39308.59765625,38772.53515625,14616450657
2022-03-13 00:00:00+00:00,37849.6640625,38884.7265625,39209.3515625,37728.14453125,17300745310
2022-03-14 00:00:00+00:00,39666.75390625,37846.31640625,39742.5,37680.734375,24322159070
2022-03-15 00:00:00+00:00,39338.78515625,39664.25,39794.62890625,38310.2109375,23934000868
2022-03-16 00:00:00+00:00,41143.9296875,39335.5703125,41465.453125,39022.34765625,39616916192
2022-03-17 00:00:00+00:00,40951.37890625,41140.84375,41287.53515625,40662.87109375,22009601093
2022-03-18 00:00:00+00:00,41801.15625,40944.83984375,42195.74609375,40302.3984375,34421564942
2022-03-19 00:00:00+00:00,42190.65234375,41794.6484375,42316.5546875,41602.66796875,19664853187
2022-03-20 00:00:00+00:00,41247.82421875,42191.40625,42241.1640625,41004.7578125,20127946682
2022-03-21 00:00:00+00:00,41077.99609375,41246.1328125,41454.41015625,40668.04296875,24615543271
2022-03-22 00:00:00+00:00,42358.80859375,41074.10546875,43124.70703125,40948.28125,32004652376
2022-03-23 00:00:00+00:00,42892.95703125,42364.37890625,42893.5078125,41877.5078125,25242943069
2022-03-24 00:00:00+00:00,43960.93359375,42886.65234375,44131.85546875,42726.1640625,31042992291
2022-03-25 00:00:00+00:00,44348.73046875,43964.546875,44999.4921875,43706.28515625,30574413034
2022-03-26 00:00:00+00:00,44500.828125,44349.859375,44735.99609375,44166.2734375,16950455995
2022-03-27 00:00:00+00:00,46820.4921875,44505.35546875,46827.546875,44437.29296875,28160889722
2022-03-28 00:00:00+00:00,47128.00390625,46821.8515625,48086.8359375,46690.203125,36362175703
2022-03-29 00:00:00+00:00,47465.73046875,47100.4375,48022.2890625,47100.4375,31397059069
2022-03-30 00:00:00+00:00,47062.6640625,47456.8984375,47655.1484375,46746.2109375,29333883962
2022-03-31 00:00:00+00:00,45538.67578125,47062.1484375,47512.02734375,45390.5390625,33327427106
2022-04-01 00:00:00+00:00,46281.64453125,45554.1640625,46616.2421875,44403.140625,38162644287
2022-04-02 00:00:00+00:00,45868.94921875,46285.5,47028.28125,45782.51171875,29336594194
2022-04-03 00:00:00+00:00,46453.56640625,45859.12890625,47313.4765625,45634.10546875,25414397610
2022-04-04 00:00:00+00:00,46622.67578125,46445.2734375,46791.08984375,45235.81640625,32499785455
2022-04-05 00:00:00+00:00,45555.9921875,46624.5078125,47106.140625,45544.80859375,29640604055
2022-04-06 00:00:00+00:00,43206.73828125,45544.35546875,45544.35546875,43193.953125,39393395788
2022-04-07 00:00:00+00:00,43503.84765625,43207.5,43860.69921875,42899.90625,26101973106
2022-04-08 00:00:00+00:00,42287.6640625,43505.13671875,43903.01953125,42183.2890625,27215995394
2022-04-09 00:00:00+00:00,42782.13671875,42282.078125,42786.81640625,42183.25390625,16050772496
2022-04-10 00:00:00+00:00,42207.671875,42781.08984375,43376.37890625,42021.20703125,17654475582
2022-04-11 00:00:00+00:00,39521.90234375,42201.0390625,42424.58984375,39373.05859375,33949912166
2022-04-12 00:00:00+00:00,40127.18359375,39533.71484375,40617.5859375,39388.328125,30991500854
2022-04-13 00:00:00+00:00,41166.73046875,40123.5703125,41430.0546875,39712.74609375,27691105228
2022-04-14 00:00:00+00:00,39935.515625,41160.21875,41451.48046875,39695.74609375,24342001973
2022-04-15 00:00:00+00:00,40553.46484375,39939.40234375,40617.72265625,39866.83203125,21756855753
2022-04-16 00:00:00+00:00,40424.484375,40552.31640625,40633.6796875,40078.42578125,16833150693
2022-04-17 00:00:00+00:00,39716.953125,40417.77734375,40570.7265625,39620.89453125,19087633042
2022-04-18 00:00:00+00:00,40826.21484375,39721.203125,40986.3203125,38696.19140625,33705182072
2022-04-19 00:00:00+00:00,41502.75,40828.17578125,41672.9609375,40618.6328125,25303206547
2022-04-20 00:00:00+00:00,41374.37890625,41501.74609375,42126.30078125,40961.09765625,27819532341
2022-04-21 00:00:00+00:00,40527.36328125,41371.515625,42893.58203125,40063.828125,35372786395
2022-04-22 00:00:00+00:00,39740.3203125,40525.86328125,40777.7578125,39315.41796875,28011716745
2022-04-23 00:00:00+00:00,39486.73046875,39738.72265625,39935.859375,39352.203125,16138021249
2022-04-24 00:00:00+00:00,39469.29296875,39478.375,39845.92578125,39233.5390625,17964398167
2022-04-25 00:00:00+00:00,40458.30859375,39472.60546875,40491.75390625,38338.37890625,35445730570
2022-04-26 00:00:00+00:00,38117.4609375,40448.421875,40713.890625,37884.984375,34569088416
2022-04-27 00:00:00+00:00,39241.12109375,38120.30078125,39397.91796875,37997.3125,30981015184
2022-04-28 00:00:00+00:00,39773.828125,39241.4296875,40269.46484375,38941.421875,33903704907
2022-04-29 00:00:00+00:00,38609.82421875,39768.6171875,39887.26953125,38235.53515625,30882994649
2022-04-30 00:00:00+00:00,37714.875,38605.859375,38771.2109375,37697.94140625,23895713731
2022-05-01 00:00:00+00:00,38469.09375,37713.265625,38627.859375,37585.7890625,27002760110
2022-05-02 00:00:00+00:00,38529.328125,38472.1875,39074.97265625,38156.5625,32922642426
2022-05-03 00:00:00+00:00,37750.453125,38528.109375,38629.99609375,37585.62109375,27326943244
2022-05-04 00:00:00+00:00,39698.37109375,37748.01171875,39902.94921875,37732.05859375,36754404490
2022-05-05 00:00:00+00:00,36575.140625,39695.74609375,39789.28125,35856.515625,43106256317
2022-05-06 00:00:00+00:00,36040.921875,36573.18359375,36624.359375,35482.1328125,37795577489
2022-05-07 00:00:00+00:00,35501.953125,36042.50390625,36129.92578125,34940.82421875,24375896406
2022-05-08 00:00:00+00:00,34059.265625,35502.94140625,35502.94140625,33878.96484375,36763041910
2022-05-09 00:00:00+00:00,30296.953125,34060.015625,34222.07421875,30296.953125,63355494961
2022-05-10 00:00:00+00:00,31022.90625,30273.654296875,32596.30859375,29944.802734375,59811038817
2022-05-11 00:00:00+00:00,28936.35546875,31016.18359375,32013.40234375,28170.4140625,70388855818
2022-05-12 00:00:00+00:00,29047.751953125,28936.734375,30032.439453125,26350.490234375,66989173272
2022-05-13 00:00:00+00:00,29283.103515625,29030.91015625,30924.802734375,28782.330078125,42841124537
2022-05-14 00:00:00+00:00,30101.265625,29285.642578125,30192.802734375,28702.91015625,28579868620
2022-05-15 00:00:00+00:00,31305.11328125,30098.5859375,31308.19140625,29527.740234375,25835372065
2022-05-16 00:00:00+00:00,29862.91796875,31304.375,31305.341796875,29251.884765625,32613897286
2022-05-17 00:00:00+00:00,30425.857421875,29862.408203125,30694.490234375,29570.302734375,29101473475
2022-05-18 00:00:00+00:00,28720.271484375,30424.478515625,30618.716796875,28720.271484375,31285268319
2022-05-19 00:00:00+00:00,30314.333984375,28720.359375,30430.751953125,28708.955078125,33773447707
2022-05-20 00:00:00+00:00,29200.740234375,30311.119140625,30664.9765625,28793.60546875,30749382605
2022-05-21 00:00:00+00:00,29432.2265625,29199.859375,29588.869140625,29027.39453125,17274840442
2022-05-22 00:00:00+00:00,30323.72265625,29432.47265625,30425.861328125,29275.18359375,21631532270
2022-05-23 00:00:00+00:00,29098.91015625,30309.396484375,30590.5859375,28975.560546875,31483454557
2022-05-24 00:00:00+00:00,29655.5859375,29101.125,29774.35546875,28786.58984375,26616506245
2022-05-25 00:00:00+00:00,29562.361328125,29653.134765625,30157.78515625,29384.94921875,27525063551
2022-05-26 00:00:00+00:00,29267.224609375,29564.77734375,29834.16015625,28261.90625,36774325352
2022-05-27 00:00:00+00:00,28627.57421875,29251.140625,29346.943359375,28326.61328125,36582005748
2022-05-28 00:00:00+00:00,28814.900390625,28622.625,28814.900390625,28554.56640625,35519577634
2022-05-29 00:00:00+00:00,29445.95703125,29019.8671875,29498.009765625,28841.107421875,18093886409
2022-05-30 00:00:00+00:00,31726.390625,29443.365234375,31949.630859375,29303.572265625,39277993274
2022-05-31 00:00:00+00:00,31792.310546875,31723.865234375,32249.86328125,31286.154296875,33538210634
2022-06-01 00:00:00+00:00,29799.080078125,31792.5546875,31957.28515625,29501.587890625,41135817341
2022-06-02 00:00:00+00:00,30467.48828125,29794.890625,30604.734375,29652.705078125,29083562061
2022-06-03 00:00:00+00:00,29704.390625,30467.806640625,30633.03515625,29375.689453125,26175547452
2022-06-04 00:00:00+00:00,29832.9140625,29706.138671875,29930.564453125,29500.005859375,16588370958
2022-06-05 00:00:00+00:00,29906.662109375,29835.1171875,30117.744140625,29574.44921875,17264085441
2022-06-06 00:00:00+00:00,31370.671875,29910.283203125,31693.291015625,29894.1875,31947336829
2022-06-07 00:00:00+00:00,31155.478515625,31371.7421875,31489.68359375,29311.68359375,40770974039
2022-06-08 00:00:00+00:00,30214.35546875,31151.48046875,31253.69140625,29944.404296875,30242059107
2022-06-09 00:00:00+00:00,30111.998046875,30215.279296875,30609.310546875,30020.265625,21692004719
2022-06-10 00:00:00+00:00,29083.8046875,30110.330078125,30245.80859375,28978.146484375,29867476527
2022-06-11 00:00:00+00:00,28360.810546875,29084.666015625,29401.916015625,28236.212890625,27246574439
2022-06-12 00:00:00+00:00,26762.6484375,28373.513671875,28502.685546875,26762.6484375,34163220274
2022-06-13 00:00:00+00:00,22487.388671875,26737.578125,26795.58984375,22141.2578125,68204556440
2022-06-14 00:00:00+00:00,22206.79296875,22487.986328125,23018.951171875,20950.818359375,50913575242
2022-06-15 00:00:00+00:00,22572.83984375,22196.73046875,22642.671875,20178.376953125,54912007015
2022-06-16 00:00:00+00:00,20381.650390625,22576.3046875,22868.921875,20265.2265625,31183975654
2022-06-17 00:00:00+00:00,20471.482421875,20385.71875,21243.3125,20326.51953125,27132421514
2022-06-18 00:00:00+00:00,19017.642578125,20473.42578125,20736.041015625,17708.623046875,42009436760
2022-06-19 00:00:00+00:00,20553.271484375,19010.90234375,20683.822265625,18067.15234375,35329942625
2022-06-20 00:00:00+00:00,20599.537109375,20553.37109375,20913.322265625,19689.169921875,30818458597
2022-06-21 00:00:00+00:00,20710.59765625,20594.294921875,21620.62890625,20415.0625,28970212744
2022-06-22 00:00:00+00:00,19987.029296875,20719.4140625,20835.75,19848.078125,28574793478
2022-06-23 00:00:00+00:00,21085.876953125,19986.607421875,21135.76171875,19950.1171875,26188097173
2022-06-24 00:00:00+00:00,21231.65625,21084.6484375,21472.91796875,20777.51171875,24957784918
2022-06-25 00:00:00+00:00,21502.337890625,21233.609375,21520.9140625,20964.5859375,18372538715
2022-06-26 00:00:00+00:00,21027.294921875,21496.494140625,21783.724609375,21016.26953125,18027170497
2022-06-27 00:00:00+00:00,20735.478515625,21028.23828125,21478.08984375,20620.19921875,20965695707
2022-06-28 00:00:00+00:00,20280.634765625,20731.544921875,21164.423828125,20228.8125,21381535161
2022-06-29 00:00:00+00:00,20104.0234375,20281.169921875,20364.15625,19937.791015625,23552740328
2022-06-30 00:00:00+00:00,19784.7265625,20108.3125,20141.16015625,18729.65625,26267239923
2022-07-01 00:00:00+00:00,19269.3671875,19820.470703125,20632.671875,19073.708984375,30767551159
2022-07-02 00:00:00+00:00,19242.255859375,19274.8359375,19371.748046875,19027.08203125,18100418740
2022-07-03 00:00:00+00:00,19297.076171875,19242.095703125,19558.26953125,18966.951171875,16390821947
2022-07-04 00:00:00+00:00,20231.26171875,19297.314453125,20258.748046875,19063.06640625,21594638208
2022-07-05 00:00:00+00:00,20190.115234375,20225.353515625,20635.466796875,19341.232421875,26715546990
2022-07-06 00:00:00+00:00,20548.24609375,20194.619140625,20595.529296875,19823.51171875,24598943708
2022-07-07 00:00:00+00:00,21637.587890625,20547.814453125,21771.81640625,20296.103515625,25814972520
2022-07-08 00:00:00+00:00,21731.1171875,21637.154296875,22314.94140625,21257.453125,49899834488
2022-07-09 00:00:00+00:00,21592.20703125,21716.828125,21877.138671875,21445.95703125,29641127858
2022-07-10 00:00:00+00:00,20860.44921875,21591.080078125,21591.080078125,20727.123046875,28688807249
2022-07-11 00:00:00+00:00,19970.556640625,20856.353515625,20856.353515625,19924.5390625,24150249025
2022-07-12 00:00:00+00:00,19323.9140625,19970.474609375,20043.4453125,19308.53125,25810220018
2022-07-13 00:00:00+00:00,20212.07421875,19325.97265625,20223.052734375,18999.953125,33042430345
2022-07-14 00:00:00+00:00,20569.919921875,20211.466796875,20789.89453125,19689.2578125,31158743333
2022-07-15 00:00:00+00:00,20836.328125,20573.15625,21138.244140625,20397.0,25905575359
2022-07-16 00:00:00+00:00,21190.31640625,20834.103515625,21514.404296875,20518.8984375,24302954056
2022-07-17 00:00:00+00:00,20779.34375,21195.041015625,21600.640625,20778.1796875,22927802083
2022-07-18 00:00:00+00:00,22485.689453125,20781.912109375,22633.033203125,20781.912109375,39974475562
2022-07-19 00:00:00+00:00,23389.43359375,22467.849609375,23666.962890625,21683.40625,48765202697
2022-07-20 00:00:00+00:00,23231.732421875,23393.19140625,24196.818359375,23009.94921875,42932549127
2022-07-21 00:00:00+00:00,23164.62890625,23233.201171875,23388.322265625,22431.1484375,33631012204
2022-07-22 00:00:00+00:00,22714.978515625,23163.751953125,23671.927734375,22603.416015625,31421555646
2022-07-23 00:00:00+00:00,22465.478515625,22706.984375,22977.2109375,22002.91015625,24021799169
2022-07-24 00:00:00+00:00,22609.1640625,22465.509765625,22974.001953125,22306.83984375,23565495303
2022-07-25 00:00:00+00:00,21361.701171875,22607.15625,22649.12109375,21361.642578125,35574561406
2022-07-26 00:00:00+00:00,21239.75390625,21361.12109375,21361.12109375,20776.81640625,28624673855
2022-07-27 00:00:00+00:00,22930.548828125,21244.169921875,22986.529296875,21070.806640625,31758955233
2022-07-28 00:00:00+00:00,23843.88671875,22933.640625,24110.470703125,22722.265625,40212386158
2022-07-29 00:00:00+00:00,23804.6328125,23845.212890625,24294.787109375,23481.173828125,35887249746
2022-07-30 00:00:00+00:00,23656.20703125,23796.818359375,24572.580078125,23580.5078125,28148218301
2022-07-31 00:00:00+00:00,23336.896484375,23652.0703125,24121.642578125,23275.703125,23553591896
2022-08-01 00:00:00+00:00,23314.19921875,23336.71875,23464.787109375,22890.796875,25849159141
2022-08-02 00:00:00+00:00,22978.1171875,23308.43359375,23415.041015625,22710.083984375,28389250717
2022-08-03 00:00:00+00:00,22846.5078125,22981.302734375,23578.650390625,22747.8359375,26288169966
2022-08-04 00:00:00+00:00,22630.95703125,22848.21484375,23198.009765625,22485.701171875,25120229769
2022-08-05 00:00:00+00:00,23289.314453125,22626.833984375,23422.828125,22612.177734375,28881249043
2022-08-06 00:00:00+00:00,22961.279296875,23291.423828125,23326.5625,22961.279296875,15978259885
2022-08-07 00:00:00+00:00,23175.890625,22963.505859375,23359.009765625,22894.556640625,15886817043
2022-08-08 00:00:00+00:00,23809.486328125,23179.52734375,24203.689453125,23176.546875,28575544847
2022-08-09 00:00:00+00:00,23164.318359375,23811.484375,23898.615234375,22982.0,23555719219
2022-08-10 00:00:00+00:00,23947.642578125,23162.8984375,24127.4140625,22771.51953125,32837431722
2022-08-11 00:00:00+00:00,23957.529296875,23948.345703125,24822.62890625,23900.99609375,37127036580
2022-08-12 00:00:00+00:00,24402.818359375,23957.203125,24412.56640625,23657.265625,27265804688
2022-08-13 00:00:00+00:00,24424.068359375,24402.1875,24860.05078125,24346.115234375,22987346289
2022-08-14 00:00:00+00:00,24319.333984375,24429.056640625,24974.9140625,24206.259765625,22994133555
2022-08-15 00:00:00+00:00,24136.97265625,24318.31640625,25135.58984375,23839.775390625,35123501685
2022-08-16 00:00:00+00:00,23883.291015625,24126.13671875,24228.416015625,23733.5,27753685646
2022-08-17 00:00:00+00:00,23335.998046875,23881.31640625,24407.05859375,23243.353515625,30931623076
2022-08-18 00:00:00+00:00,23212.73828125,23341.0390625,23563.83203125,23177.6015625,23747613147
2022-08-19 00:00:00+00:00,20877.552734375,23213.3125,23213.3125,20868.84765625,40509610260
2022-08-20 00:00:00+00:00,21166.060546875,20872.841796875,21350.806640625,20856.73046875,27595671000
2022-08-21 00:00:00+00:00,21534.12109375,21160.392578125,21668.845703125,21103.197265625,23102307723
2022-08-22 00:00:00+00:00,21398.908203125,21531.462890625,21531.462890625,20939.18359375,31666498758
2022-08-23 00:00:00+00:00,21528.087890625,21401.044921875,21646.203125,20955.138671875,31878280659
2022-08-24 00:00:00+00:00,21395.01953125,21526.455078125,21783.076171875,21195.005859375,31962253368
2022-08-25 00:00:00+00:00,21600.904296875,21395.458984375,21789.63671875,21362.44140625,31028679593
2022-08-26 00:00:00+00:00,20260.01953125,21596.0859375,21804.908203125,20199.482421875,42326789564
2022-08-27 00:00:00+00:00,20041.73828125,20262.48046875,20340.775390625,19890.5234375,30116729776
2022-08-28 00:00:00+00:00,19616.814453125,20041.03515625,20139.0546875,19616.814453125,24366810591
2022-08-29 00:00:00+00:00,20297.994140625,19615.154296875,20357.462890625,19600.78515625,32637854078
2022-08-30 00:00:00+00:00,19796.80859375,20298.611328125,20542.64453125,19617.640625,34483360283
2022-08-31 00:00:00+00:00,20049.763671875,19799.58203125,20420.990234375,19799.58203125,33225232872
2022-09-01 00:00:00+00:00,20127.140625,20050.498046875,20198.390625,19653.96875,30182031010
2022-09-02 00:00:00+00:00,19969.771484375,20126.072265625,20401.568359375,19814.765625,29123998928
2022-09-03 00:00:00+00:00,19832.087890625,19969.71875,20037.009765625,19698.35546875,23613051457
2022-09-04 00:00:00+00:00,19986.712890625,19832.470703125,19999.689453125,19636.81640625,25245861652
2022-09-05 00:00:00+00:00,19812.37109375,19988.7890625,20031.16015625,19673.046875,28813460025
2022-09-06 00:00:00+00:00,18837.66796875,19817.724609375,20155.26953125,18800.171875,43403978910
2022-09-07 00:00:00+00:00,19290.32421875,18837.68359375,19427.171875,18644.466796875,35239757134
2022-09-08 00:00:00+00:00,19329.833984375,19289.94140625,19417.3515625,19076.71484375,32194477850
2022-09-09 00:00:00+00:00,21381.15234375,19328.140625,21439.41015625,19310.962890625,48469528171
2022-09-10 00:00:00+00:00,21680.5390625,21376.912109375,21760.275390625,21168.72265625,36913738894
2022-09-11 00:00:00+00:00,21769.255859375,21678.54296875,21770.552734375,21406.9453125,34493951963
2022-09-12 00:00:00+00:00,22370.44921875,21770.1484375,22439.181640625,21603.896484375,50212088965
2022-09-13 00:00:00+00:00,20296.70703125,22371.48046875,22673.8203125,20062.669921875,51091116622
2022-09-14 00:00:00+00:00,20241.08984375,20184.5546875,20467.201171875,19793.396484375,37872380889
2022-09-15 00:00:00+00:00,19701.2109375,20242.2890625,20318.166015625,19636.734375,36389011503
2022-09-16 00:00:00+00:00,19772.583984375,19704.005859375,19870.62890625,19400.076171875,30123362273
2022-09-17 00:00:00+00:00,20127.576171875,19777.033203125,20162.53125,19777.033203125,24957448100
2022-09-18 00:00:00+00:00,19419.505859375,20127.234375,20127.234375,19387.4921875,31254779144
2022-09-19 00:00:00+00:00,19544.12890625,19418.572265625,19639.48046875,18390.318359375,40177002624
2022-09-20 00:00:00+00:00,18890.7890625,19545.591796875,19602.45703125,18813.455078125,36791346508
2022-09-21 00:00:00+00:00,18547.400390625,18891.283203125,19674.630859375,18290.314453125,46363793975
2022-09-22 00:00:00+00:00,19413.55078125,18534.650390625,19456.91015625,18415.591796875,41135767926
2022-09-23 00:00:00+00:00,19297.638671875,19412.400390625,19464.671875,18617.552734375,38896078052
2022-09-24 00:00:00+00:00,18937.01171875,19296.990234375,19310.197265625,18861.974609375,26149643168
2022-09-25 00:00:00+00:00,18802.09765625,18936.310546875,19134.732421875,18696.46875,23359966112
2022-09-26 00:00:00+00:00,19222.671875,18803.900390625,19274.873046875,18721.28515625,44148798321
2022-09-27 00:00:00+00:00,19110.546875,19221.83984375,20338.455078125,18915.66796875,58571439619
2022-09-28 00:00:00+00:00,19426.720703125,19104.62109375,19688.34375,18553.296875,53071298734
2022-09-29 00:00:00+00:00,19573.05078125,19427.779296875,19589.265625,18924.353515625,41037843771
2022-09-30 00:00:00+00:00,19431.7890625,19573.431640625,20109.849609375,19265.662109375,43975248085
2022-10-01 00:00:00+00:00,19312.095703125,19431.10546875,19471.154296875,19231.08203125,18719537670
2022-10-02 00:00:00+00:00,19044.107421875,19311.849609375,19370.30859375,18970.62109375,20765955327
2022-10-03 00:00:00+00:00,19623.580078125,19044.068359375,19653.54296875,19025.2265625,30484729489
2022-10-04 00:00:00+00:00,20336.84375,19623.583984375,20380.34375,19523.83984375,35887278685
2022-10-05 00:00:00+00:00,20160.716796875,20335.900390625,20343.748046875,19801.80078125,33223790572
2022-10-06 00:00:00+00:00,19955.443359375,20161.0390625,20408.392578125,19900.087890625,34711412966
2022-10-07 00:00:00+00:00,19546.849609375,19957.55859375,20041.0859375,19395.79296875,29227315390
2022-10-08 00:00:00+00:00,19416.568359375,19546.328125,19601.6953125,19299.4140625,16437423167
2022-10-09 00:00:00+00:00,19446.42578125,19417.478515625,19542.5390625,19349.259765625,16837262532
2022-10-10 00:00:00+00:00,19141.484375,19446.416015625,19515.466796875,19102.978515625,27425022774
2022-10-11 00:00:00+00:00,19051.41796875,19139.0,19241.9609375,18925.603515625,28711532910
2022-10-12 00:00:00+00:00,19157.4453125,19052.646484375,19203.19921875,19029.7578125,24950173846
2022-10-13 00:00:00+00:00,19382.904296875,19156.966796875,19453.328125,18319.822265625,44219840004
2022-10-14 00:00:00+00:00,19185.65625,19382.533203125,19889.146484375,19115.408203125,38452356727
2022-10-15 00:00:00+00:00,19067.634765625,19185.4375,19212.541015625,19019.25,16192235532
2022-10-16 00:00:00+00:00,19268.09375,19068.9140625,19389.603515625,19068.9140625,17988916650
2022-10-17 00:00:00+00:00,19550.7578125,19268.5625,19635.802734375,19173.333984375,27472552998
2022-10-18 00:00:00+00:00,19334.416015625,19550.466796875,19666.994140625,19144.76953125,30580012344
2022-10-19 00:00:00+00:00,19139.53515625,19335.02734375,19348.416015625,19127.6875,22425387184
2022-10-20 00:00:00+00:00,19053.740234375,19138.0859375,19315.19921875,18971.458984375,24493974420
2022-10-21 00:00:00+00:00,19172.46875,19053.203125,19237.384765625,18770.970703125,32459287866
2022-10-22 00:00:00+00:00,19208.189453125,19172.380859375,19248.068359375,19132.244140625,16104440957
2022-10-23 00:00:00+00:00,19567.0078125,19207.734375,19646.65234375,19124.197265625,22128794335
2022-10-24 00:00:00+00:00,19345.572265625,19567.76953125,19589.125,19206.32421875,30202235805
2022-10-25 00:00:00+00:00,20095.857421875,19344.96484375,20348.412109375,19261.447265625,47761524910
2022-10-26 00:00:00+00:00,20770.44140625,20092.236328125,20938.134765625,20076.1171875,58895950537
2022-10-27 00:00:00+00:00,20285.8359375,20772.802734375,20854.044921875,20255.373046875,49625110402
2022-10-28 00:00:00+00:00,20595.3515625,20287.95703125,20724.98046875,20086.068359375,43994715910
2022-10-29 00:00:00+00:00,20818.4765625,20595.103515625,20988.39453125,20566.484375,40369840645
2022-10-30 00:00:00+00:00,20635.603515625,20817.982421875,20917.005859375,20547.462890625,31486345556
2022-10-31 00:00:00+00:00,20495.7734375,20633.6953125,20795.3203125,20287.458984375,45668466815
2022-11-01 00:00:00+00:00,20485.2734375,20494.8984375,20647.2890625,20359.845703125,39819303159
2022-11-02 00:00:00+00:00,20159.50390625,20482.958984375,20742.810546875,20087.134765625,55552169483
2022-11-03 00:00:00+00:00,20209.98828125,20162.689453125,20382.095703125,20086.240234375,43228750179
2022-11-04 00:00:00+00:00,21147.23046875,20208.76953125,21209.560546875,20188.01953125,64072727950
2022-11-05 00:00:00+00:00,21282.69140625,21144.83203125,21446.88671875,21097.634765625,37846047609
2022-11-06 00:00:00+00:00,20926.486328125,21285.056640625,21345.376953125,20920.19140625,35082693210
2022-11-07 00:00:00+00:00,20602.81640625,20924.62109375,21053.24609375,20489.97265625,53510852236
2022-11-08 00:00:00+00:00,18541.271484375,20600.671875,20664.607421875,17603.544921875,118992465607
2022-11-09 00:00:00+00:00,15880.7802734375,18543.76171875,18590.458984375,15682.6923828125,102905151606
2022-11-10 00:00:00+00:00,17586.771484375,15883.158203125,18054.3125,15834.0185546875,83202283721
2022-11-11 00:00:00+00:00,17034.29296875,17583.251953125,17650.943359375,16543.482421875,55871616488
2022-11-12 00:00:00+00:00,16799.185546875,17036.875,17066.67578125,16651.775390625,29717699419
2022-11-13 00:00:00+00:00,16353.365234375,16799.72265625,16920.765625,16320.634765625,27209183682
2022-11-14 00:00:00+00:00,16618.19921875,16352.0283203125,17109.32421875,15872.94140625,49630243054
2022-11-15 00:00:00+00:00,16884.61328125,16617.484375,17051.962890625,16542.55078125,36599436183
2022-11-16 00:00:00+00:00,16669.439453125,16884.341796875,16960.294921875,16430.111328125,33925512989
2022-11-17 00:00:00+00:00,16687.517578125,16670.42578125,16726.439453125,16460.68359375,27868914022
2022-11-18 00:00:00+00:00,16697.77734375,16687.912109375,16947.05859375,16564.611328125,26862218609
2022-11-19 00:00:00+00:00,16711.546875,16696.220703125,16797.876953125,16570.41015625,16106223492
2022-11-20 00:00:00+00:00,16291.83203125,16712.919921875,16746.779296875,16248.6923828125,21313378652
2022-11-21 00:00:00+00:00,15787.2841796875,16291.2236328125,16291.2236328125,15599.046875,37429485518
2022-11-22 00:00:00+00:00,16189.76953125,15782.30078125,16253.0478515625,15656.6064453125,30726828760
2022-11-23 00:00:00+00:00,16610.70703125,16195.5888671875,16638.193359375,16170.5029296875,32958875628
2022-11-24 00:00:00+00:00,16604.46484375,16611.63671875,16771.474609375,16501.767578125,26129037414
2022-11-25 00:00:00+00:00,16521.841796875,16602.26953125,16603.31640625,16388.404296875,18678255976
2022-11-26 00:00:00+00:00,16464.28125,16521.576171875,16666.86328125,16416.228515625,18000008764
2022-11-27 00:00:00+00:00,16444.626953125,16463.8828125,16594.40625,16437.025390625,20443898509
2022-11-28 00:00:00+00:00,16217.322265625,16440.22265625,16482.93359375,16054.5302734375,27743025156
2022-11-29 00:00:00+00:00,16444.982421875,16217.6396484375,16522.2578125,16139.396484375,23581685468
2022-11-30 00:00:00+00:00,17168.56640625,16445.4765625,17190.9375,16445.4765625,29523576583
2022-12-01 00:00:00+00:00,16967.1328125,17168.001953125,17197.498046875,16888.388671875,22895392882
2022-12-02 00:00:00+00:00,17088.66015625,16968.68359375,17088.66015625,16877.880859375,19539705127
2022-12-03 00:00:00+00:00,16908.236328125,17090.09765625,17116.041015625,16888.140625,16217776704
2022-12-04 00:00:00+00:00,17130.486328125,16908.169921875,17157.767578125,16903.439453125,16824520830
2022-12-05 00:00:00+00:00,16974.826171875,17128.89453125,17378.15234375,16922.431640625,22209086834
2022-12-06 00:00:00+00:00,17089.50390625,16975.23828125,17091.86328125,16939.921875,19889922369
2022-12-07 00:00:00+00:00,16848.126953125,17089.505859375,17109.376953125,16750.55859375,19675404389
2022-12-08 00:00:00+00:00,17233.474609375,16847.349609375,17267.916015625,16788.783203125,20496603770
2022-12-09 00:00:00+00:00,17133.15234375,17232.1484375,17280.546875,17100.8359375,20328426366
2022-12-10 00:00:00+00:00,17128.724609375,17134.220703125,17216.826171875,17120.68359375,12706781969
2022-12-11 00:00:00+00:00,17104.193359375,17129.7109375,17245.634765625,17091.8203125,14122486832
2022-12-12 00:00:00+00:00,17206.4375,17102.5,17212.564453125,16899.39453125,19617581341
2022-12-13 00:00:00+00:00,17781.318359375,17206.44140625,17930.0859375,17111.763671875,26634741631
2022-12-14 00:00:00+00:00,17815.650390625,17782.06640625,18318.53125,17739.513671875,25534481470
2022-12-15 00:00:00+00:00,17364.865234375,17813.64453125,17846.744140625,17322.58984375,20964448341
2022-12-16 00:00:00+00:00,16647.484375,17364.546875,17505.525390625,16584.701171875,24031608960
2022-12-17 00:00:00+00:00,16795.091796875,16646.982421875,16800.58984375,16614.029296875,14463581825
2022-12-18 00:00:00+00:00,16757.9765625,16795.609375,16815.38671875,16697.8203125,10924354698
2022-12-19 00:00:00+00:00,16439.6796875,16759.041015625,16807.52734375,16398.13671875,17221074814
2022-12-20 00:00:00+00:00,16906.3046875,16441.787109375,17012.984375,16427.8671875,22722096615
2022-12-21 00:00:00+00:00,16817.53515625,16904.52734375,16916.80078125,16755.912109375,14882945045
2022-12-22 00:00:00+00:00,16830.341796875,16818.380859375,16866.673828125,16592.408203125,16441573050
2022-12-23 00:00:00+00:00,16796.953125,16829.64453125,16905.21875,16794.458984375,15329265213
2022-12-24 00:00:00+00:00,16847.755859375,16796.9765625,16864.703125,16793.52734375,9744636213
2022-12-25 00:00:00+00:00,16841.986328125,16847.505859375,16860.5546875,16755.25390625,11656379938
2022-12-26 00:00:00+00:00,16919.8046875,16842.25,16920.123046875,16812.369140625,11886957804
2022-12-27 00:00:00+00:00,16717.173828125,16919.291015625,16959.845703125,16642.072265625,15748580239
2022-12-28 00:00:00+00:00,16552.572265625,16716.400390625,16768.169921875,16497.556640625,17005713920
2022-12-29 00:00:00+00:00,16642.341796875,16552.322265625,16651.755859375,16508.68359375,14472237479
2022-12-30 00:00:00+00:00,16602.5859375,16641.330078125,16643.427734375,16408.474609375,15929162910
2022-12-31 00:00:00+00:00,16547.49609375,16603.673828125,16628.986328125,16517.51953125,11239186456
2023-01-01 00:00:00+00:00,16625.080078125,16547.9140625,16630.439453125,16521.234375,9244361700
2023-01-02 00:00:00+00:00,16688.470703125,16625.509765625,16759.34375,16572.228515625,12097775227
2023-01-03 00:00:00+00:00,16679.857421875,16688.84765625,16760.447265625,16622.37109375,13903079207
2023-01-04 00:00:00+00:00,16863.23828125,16680.205078125,16964.5859375,16667.763671875,18421743322
2023-01-05 00:00:00+00:00,16836.736328125,16863.47265625,16884.021484375,16790.283203125,13692758566
2023-01-06 00:00:00+00:00,16951.96875,16836.47265625,16991.994140625,16716.421875,14413662913
2023-01-07 00:00:00+00:00,16955.078125,16952.1171875,16975.017578125,16914.19140625,7714767174
2023-01-08 00:00:00+00:00,17091.14453125,16954.146484375,17091.14453125,16924.05078125,9768827914
2023-01-09 00:00:00+00:00,17196.5546875,17093.9921875,17389.95703125,17093.9921875,18624736866
2023-01-10 00:00:00+00:00,17446.29296875,17192.94921875,17484.720703125,17162.990234375,15808338949
2023-01-11 00:00:00+00:00,17934.896484375,17446.359375,17934.896484375,17337.994140625,18372283782
2023-01-12 00:00:00+00:00,18869.587890625,18117.59375,19030.087890625,17995.203125,34971338710
2023-01-13 00:00:00+00:00,19909.57421875,18868.90625,19964.322265625,18753.1640625,29225029694
2023-01-14 00:00:00+00:00,20976.298828125,19910.537109375,21075.142578125,19907.828125,38967784639
2023-01-15 00:00:00+00:00,20880.798828125,20977.484375,20993.748046875,20606.986328125,19298407543
2023-01-16 00:00:00+00:00,21169.6328125,20882.224609375,21360.875,20715.74609375,26792494050
2023-01-17 00:00:00+00:00,21161.51953125,21175.833984375,21438.66015625,20978.533203125,24999983362
2023-01-18 00:00:00+00:00,20688.78125,21161.05078125,21564.501953125,20541.544921875,30005625418
2023-01-19 00:00:00+00:00,21086.79296875,20686.74609375,21163.01171875,20685.380859375,21152848261
2023-01-20 00:00:00+00:00,22676.552734375,21085.373046875,22692.357421875,20919.126953125,28799154319
2023-01-21 00:00:00+00:00,22777.625,22677.427734375,23282.34765625,22511.833984375,32442278429
2023-01-22 00:00:00+00:00,22720.416015625,22777.986328125,23056.73046875,22387.900390625,24746386230
2023-01-23 00:00:00+00:00,22934.431640625,22721.087890625,23126.486328125,22654.3046875,26518700512
2023-01-24 00:00:00+00:00,22636.46875,22929.626953125,23134.01171875,22549.744140625,26405069715
2023-01-25 00:00:00+00:00,23117.859375,22639.267578125,23722.099609375,22406.076171875,30685366709
2023-01-26 00:00:00+00:00,23032.77734375,23108.955078125,23237.078125,22911.373046875,26357839322
2023-01-27 00:00:00+00:00,23078.728515625,23030.716796875,23417.720703125,22654.59375,25383335641
2023-01-28 00:00:00+00:00,23031.08984375,23079.96484375,23165.896484375,22908.845703125,14712928379
2023-01-29 00:00:00+00:00,23774.56640625,23031.44921875,23919.890625,22985.0703125,27423687259
2023-01-30 00:00:00+00:00,22840.138671875,23774.6484375,23789.34765625,22657.58203125,27205595568
2023-01-31 00:00:00+00:00,23139.283203125,22840.796875,23225.021484375,22765.568359375,22837828665
2023-02-01 00:00:00+00:00,23723.76953125,23137.8359375,23764.5390625,22877.75,26683255504
2023-02-02 00:00:00+00:00,23471.87109375,23720.82421875,24167.2109375,23468.595703125,32066936882
2023-02-03 00:00:00+00:00,23449.322265625,23469.412109375,23678.103515625,23279.955078125,27083066007
2023-02-04 00:00:00+00:00,23331.84765625,23446.3203125,23556.94921875,23291.794921875,15639298538
2023-02-05 00:00:00+00:00,22955.666015625,23332.248046875,23423.435546875,22841.759765625,19564262605
2023-02-06 00:00:00+00:00,22760.109375,22954.021484375,23119.279296875,22692.025390625,23825006542
2023-02-07 00:00:00+00:00,23264.291015625,22757.267578125,23310.974609375,22756.2578125,27187964471
2023-02-08 00:00:00+00:00,22939.3984375,23263.416015625,23367.958984375,22731.09765625,25371367758
2023-02-09 00:00:00+00:00,21819.0390625,22946.56640625,22996.4375,21773.974609375,32572572185
2023-02-10 00:00:00+00:00,21651.18359375,21819.005859375,21941.185546875,21539.392578125,27078406594
2023-02-11 00:00:00+00:00,21870.875,21651.841796875,21891.41015625,21618.44921875,16356226232
2023-02-12 00:00:00+00:00,21788.203125,21870.90234375,22060.994140625,21682.828125,17821046406
2023-02-13 00:00:00+00:00,21808.1015625,21787.0,21898.4140625,21460.087890625,23918742607
2023-02-14 00:00:00+00:00,22220.8046875,21801.822265625,22293.140625,21632.39453125,26792596581
2023-02-15 00:00:00+00:00,24307.841796875,22220.5859375,24307.841796875,22082.76953125,32483312909
2023-02-16 00:00:00+00:00,23623.474609375,24307.349609375,25134.1171875,23602.5234375,39316664596
2023-02-17 00:00:00+00:00,24565.6015625,23621.283203125,24924.041015625,23460.755859375,41358451255
2023-02-18 00:00:00+00:00,24641.27734375,24565.296875,24798.8359375,24468.373046875,19625427158
2023-02-19 00:00:00+00:00,24327.642578125,24640.02734375,25093.0546875,24327.642578125,25555105670
2023-02-20 00:00:00+00:00,24829.1484375,24336.623046875,25020.458984375,23927.91015625,28987376573
2023-02-21 00:00:00+00:00,24436.353515625,24833.048828125,25126.8515625,24200.36328125,31252098714
2023-02-22 00:00:00+00:00,24188.84375,24437.41796875,24472.33984375,23644.318359375,30199996781
2023-02-23 00:00:00+00:00,23947.4921875,24190.71875,24572.08984375,23693.919921875,30476264066
2023-02-24 00:00:00+00:00,23198.126953125,23946.0078125,24103.705078125,23007.072265625,26811744928
2023-02-25 00:00:00+00:00,23175.375,23200.125,23210.2109375,22861.55859375,16100721565
2023-02-26 00:00:00+00:00,23561.212890625,23174.150390625,23654.3671875,23084.220703125,16644534842
2023-02-27 00:00:00+00:00,23522.87109375,23561.451171875,23857.890625,23205.87890625,22660763494
2023-02-28 00:00:00+00:00,23147.353515625,23521.837890625,23585.384765625,23077.650390625,20535363434
2023-03-01 00:00:00+00:00,23646.55078125,23150.9296875,23880.6328125,23088.626953125,24662841200
2023-03-02 00:00:00+00:00,23475.466796875,23647.01953125,23739.138671875,23245.021484375,20386398516
2023-03-03 00:00:00+00:00,22362.6796875,23476.6328125,23479.34765625,22213.23828125,26062404610
2023-03-04 00:00:00+00:00,22353.349609375,22362.923828125,22405.177734375,22198.98046875,11166012913
2023-03-05 00:00:00+00:00,22435.513671875,22354.14453125,22613.685546875,22307.142578125,13317001733
2023-03-06 00:00:00+00:00,22429.7578125,22436.81640625,22584.29296875,22331.314453125,17353192895
2023-03-07 00:00:00+00:00,22219.76953125,22428.322265625,22527.41796875,22011.26171875,22765452204
2023-03-08 00:00:00+00:00,21718.080078125,22216.44140625,22268.896484375,21708.05078125,22536575684
2023-03-09 00:00:00+00:00,20363.021484375,21720.080078125,21802.716796875,20210.306640625,30364664171
2023-03-10 00:00:00+00:00,20187.244140625,20367.001953125,20370.595703125,19628.25390625,39578257695
2023-03-11 00:00:00+00:00,20632.41015625,20187.876953125,20792.525390625,20068.66015625,30180288176
2023-03-12 00:00:00+00:00,22163.94921875,20628.029296875,22185.03125,20448.806640625,29279035521
2023-03-13 00:00:00+00:00,24197.533203125,22156.40625,24550.837890625,21918.19921875,49466362688
2023-03-14 00:00:00+00:00,24746.07421875,24201.765625,26514.716796875,24081.18359375,54622230164
2023-03-15 00:00:00+00:00,24375.9609375,24770.92578125,25240.615234375,23964.91015625,43655701450
2023-03-16 00:00:00+00:00,25052.7890625,24373.45703125,25190.326171875,24225.111328125,33866061747
2023-03-17 00:00:00+00:00,27423.9296875,25055.123046875,27787.8125,24955.169921875,50730261335
2023-03-18 00:00:00+00:00,26965.87890625,27448.1171875,27725.953125,26636.26171875,35723036817
2023-03-19 00:00:00+00:00,28038.67578125,26969.50390625,28440.560546875,26907.716796875,37769448859
2023-03-20 00:00:00+00:00,27767.236328125,28041.6015625,28527.724609375,27242.880859375,44774027664
2023-03-21 00:00:00+00:00,28175.81640625,27768.392578125,28439.5625,27439.646484375,36102192830
2023-03-22 00:00:00+00:00,27307.4375,28158.720703125,28803.3359375,26759.99609375,33382021890
2023-03-23 00:00:00+00:00,28333.97265625,27301.95703125,28729.84375,27183.36328125,24220433689
2023-03-24 00:00:00+00:00,27493.28515625,28324.111328125,28388.4375,27039.265625,25980310960
2023-03-25 00:00:00+00:00,27494.70703125,27487.337890625,27791.826171875,27196.234375,13383005987
2023-03-26 00:00:00+00:00,27994.330078125,27495.5234375,28178.14453125,27445.046875,13878363192
2023-03-27 00:00:00+00:00,27139.888671875,27994.068359375,28037.92578125,26606.689453125,18188895178
2023-03-28 00:00:00+00:00,27268.130859375,27132.888671875,27460.71875,26677.818359375,17783600385
2023-03-29 00:00:00+00:00,28348.44140625,27267.03125,28619.54296875,27259.662109375,20684945906
2023-03-30 00:00:00+00:00,28033.5625,28350.140625,29159.90234375,27720.16015625,22435349951
2023-03-31 00:00:00+00:00,28478.484375,28032.26171875,28639.896484375,27583.71484375,19001327598
2023-04-01 00:00:00+00:00,28411.03515625,28473.33203125,28802.45703125,28297.171875,10876469901
2023-04-02 00:00:00+00:00,28199.30859375,28462.845703125,28518.958984375,27884.087890625,12284641999
2023-04-03 00:00:00+00:00,27790.220703125,28183.080078125,28475.623046875,27276.720703125,19556501327
2023-04-04 00:00:00+00:00,28168.08984375,27795.2734375,28433.7421875,27681.3046875,15284538859
2023-04-05 00:00:00+00:00,28177.984375,28169.7265625,28739.23828125,27843.763671875,17052315986
2023-04-06 00:00:00+00:00,28044.140625,28175.2265625,28178.384765625,27738.759765625,13837809380
2023-04-07 00:00:00+00:00,27925.859375,28038.966796875,28111.59375,27794.03125,10861680497
2023-04-08 00:00:00+00:00,27947.794921875,27920.513671875,28159.86328125,27883.38671875,9373255556
2023-04-09 00:00:00+00:00,28333.05078125,27952.3671875,28532.830078125,27828.48046875,12175322951
2023-04-10 00:00:00+00:00,29652.98046875,28336.02734375,29771.46484375,28189.271484375,19282400094
2023-04-11 00:00:00+00:00,30235.05859375,29653.6796875,30509.083984375,29609.30078125,20121259843
2023-04-12 00:00:00+00:00,30139.052734375,30231.58203125,30462.48046875,29725.57421875,18651929926
2023-04-13 00:00:00+00:00,30399.06640625,29892.740234375,30539.845703125,29878.623046875,17487721001
2023-04-14 00:00:00+00:00,30485.69921875,30409.5625,31005.607421875,30044.498046875,22659995079
2023-04-15 00:00:00+00:00,30318.49609375,30490.75,30601.740234375,30245.8828125,11940685378
2023-04-16 00:00:00+00:00,30315.35546875,30315.9765625,30555.537109375,30157.83203125,12854816417
2023-04-17 00:00:00+00:00,29445.044921875,30317.146484375,30319.197265625,29275.37109375,17872186762
2023-04-18 00:00:00+00:00,30397.552734375,29449.091796875,30470.302734375,29154.849609375,19480529496
2023-04-19 00:00:00+00:00,28822.6796875,30394.1875,30411.0546875,28669.8984375,24571565421
2023-04-20 00:00:00+00:00,28245.98828125,28823.68359375,29076.400390625,28037.2578125,21340360360
2023-04-21 00:00:00+00:00,27276.91015625,28249.23046875,28349.96875,27177.365234375,20759504330
2023-04-22 00:00:00+00:00,27817.5,27265.89453125,27872.142578125,27169.5703125,13125734602
2023-04-23 00:00:00+00:00,27591.384765625,27816.14453125,27820.244140625,27400.314453125,12785446832
2023-04-24 00:00:00+00:00,27525.33984375,27591.73046875,27979.982421875,27070.849609375,17703288330
2023-04-25 00:00:00+00:00,28307.59765625,27514.873046875,28371.078125,27207.931640625,17733373139
2023-04-26 00:00:00+00:00,28279.83984375,28281.115234375,29995.837890625,27440.91015625,31422896128
